name,year,quarter,count
Ruby,2011,3,632
PHP,2011,3,484
Python,2011,3,423
JavaScript,2011,3,367
Java,2011,3,216
C++,2011,3,181
Ruby,2011,4,3047
PHP,2011,4,2261
Python,2011,4,2120
JavaScript,2011,4,1817
Java,2011,4,984
C++,2011,4,831
C,2011,4,623
Shell,2011,4,406
C#,2011,4,291
Objective-C,2011,4,236
Scala,2011,4,200
Erlang,2011,4,149
HTML,2011,4,149
Haskell,2011,4,111
Ruby,2012,1,37951
PHP,2012,1,17274
Python,2012,1,15692
JavaScript,2012,1,13388
Java,2012,1,7817
C++,2012,1,4942
C,2012,1,2617
Groovy,2012,1,1748
Shell,2012,1,1685
C#,2012,1,1551
Scala,2012,1,1243
Objective-C,2012,1,955
TypeScript,2012,1,653
Erlang,2012,1,429
Haskell,2012,1,379
CoffeeScript,2012,1,368
HTML,2012,1,343
Go,2012,1,298
Lua,2012,1,294
Perl,2012,1,271
ColdFusion,2012,1,211
Emacs Lisp,2012,1,207
CSS,2012,1,197
Clojure,2012,1,188
Objective-J,2012,1,184
Elixir,2012,1,113
Web Ontology Language,2012,1,103
Ruby,2012,2,16616
JavaScript,2012,2,15668
Python,2012,2,14656
PHP,2012,2,14324
Java,2012,2,7183
C++,2012,2,4423
C,2012,2,2977
Scala,2012,2,1896
C#,2012,2,1833
Objective-C,2012,2,1529
Shell,2012,2,1327
HTML,2012,2,1097
Erlang,2012,2,656
CoffeeScript,2012,2,638
Perl,2012,2,631
Haskell,2012,2,555
CSS,2012,2,531
Emacs Lisp,2012,2,526
Clojure,2012,2,361
Lua,2012,2,339
Go,2012,2,313
Groovy,2012,2,230
TypeScript,2012,2,191
Puppet,2012,2,180
XSLT,2012,2,173
Objective-J,2012,2,128
Elixir,2012,2,125
ColdFusion,2012,2,125
Vim script,2012,2,112
nesC,2012,2,109
JavaScript,2012,3,19104
Ruby,2012,3,17444
Python,2012,3,17288
PHP,2012,3,17240
Java,2012,3,8285
C++,2012,3,4894
C,2012,3,4133
Scala,2012,3,2505
Shell,2012,3,2062
C#,2012,3,1887
Objective-C,2012,3,1835
HTML,2012,3,1402
CoffeeScript,2012,3,945
Perl,2012,3,740
CSS,2012,3,698
Erlang,2012,3,644
Haskell,2012,3,583
Emacs Lisp,2012,3,556
Go,2012,3,543
Clojure,2012,3,523
Lua,2012,3,436
Groovy,2012,3,388
nesC,2012,3,236
TypeScript,2012,3,209
Nix,2012,3,171
Objective-J,2012,3,143
Vim script,2012,3,134
Puppet,2012,3,121
XSLT,2012,3,120
VimL,2012,3,118
Elixir,2012,3,109
ColdFusion,2012,3,106
Ruby,2012,4,22135
Python,2012,4,21675
JavaScript,2012,4,21190
PHP,2012,4,17308
Java,2012,4,10964
C++,2012,4,5861
C,2012,4,4833
C#,2012,4,2379
Objective-C,2012,4,2163
Scala,2012,4,2072
Shell,2012,4,1922
HTML,2012,4,1790
Perl,2012,4,1072
CoffeeScript,2012,4,993
CSS,2012,4,904
Go,2012,4,858
Erlang,2012,4,799
Haskell,2012,4,704
Clojure,2012,4,602
Lua,2012,4,574
Emacs Lisp,2012,4,542
TypeScript,2012,4,490
Groovy,2012,4,394
nesC,2012,4,314
Puppet,2012,4,222
Elixir,2012,4,215
Nix,2012,4,176
Vim script,2012,4,169
VimL,2012,4,148
ColdFusion,2012,4,138
Delphi,2012,4,127
Scheme,2012,4,121
Jupyter Notebook,2012,4,119
TSQL,2012,4,119
Common Lisp,2012,4,103
JavaScript,2013,1,32666
Ruby,2013,1,30052
Python,2013,1,29487
PHP,2013,1,23628
Java,2013,1,16919
C++,2013,1,7240
C,2013,1,6405
C#,2013,1,3665
Objective-C,2013,1,3572
Shell,2013,1,2833
HTML,2013,1,2819
Scala,2013,1,2804
CSS,2013,1,1865
CoffeeScript,2013,1,1582
Go,2013,1,1341
Perl,2013,1,1252
Erlang,2013,1,961
Emacs Lisp,2013,1,950
TypeScript,2013,1,949
nesC,2013,1,828
Haskell,2013,1,811
Clojure,2013,1,643
Groovy,2013,1,503
Lua,2013,1,408
Nix,2013,1,292
Puppet,2013,1,288
Objective-J,2013,1,251
Vim script,2013,1,222
Pascal,2013,1,177
SQF,2013,1,172
DM,2013,1,168
Kotlin,2013,1,156
OCaml,2013,1,139
VimL,2013,1,138
Julia,2013,1,136
XSLT,2013,1,129
Jupyter Notebook,2013,1,125
TSQL,2013,1,121
Smalltalk,2013,1,110
PowerShell,2013,1,107
ColdFusion,2013,1,105
ActionScript,2013,1,103
Python,2013,2,38044
JavaScript,2013,2,37471
Ruby,2013,2,33502
PHP,2013,2,25522
Java,2013,2,17650
C++,2013,2,9943
C,2013,2,6657
C#,2013,2,4497
Objective-C,2013,2,4175
HTML,2013,2,3897
Shell,2013,2,2776
Scala,2013,2,2757
Perl,2013,2,2434
Go,2013,2,2318
CSS,2013,2,2289
TypeScript,2013,2,1752
CoffeeScript,2013,2,1635
Erlang,2013,2,1090
Emacs Lisp,2013,2,995
nesC,2013,2,863
DM,2013,2,844
Lua,2013,2,800
Haskell,2013,2,765
Clojure,2013,2,640
Groovy,2013,2,538
Nix,2013,2,497
Elixir,2013,2,467
Puppet,2013,2,433
OCaml,2013,2,340
Common Lisp,2013,2,332
Vim script,2013,2,300
Kotlin,2013,2,202
Dart,2013,2,185
TSQL,2013,2,175
Smalltalk,2013,2,174
Jupyter Notebook,2013,2,167
XSLT,2013,2,151
VimL,2013,2,150
Julia,2013,2,140
Vala,2013,2,139
Scheme,2013,2,129
Haxe,2013,2,123
PowerShell,2013,2,120
Swift,2013,2,118
ColdFusion,2013,2,117
Raku,2013,2,113
Rust,2013,2,112
Pascal,2013,2,106
Objective-J,2013,2,105
JavaScript,2013,3,46079
Python,2013,3,44783
Ruby,2013,3,37050
PHP,2013,3,28573
Java,2013,3,22139
C++,2013,3,11878
C,2013,3,8062
C#,2013,3,5074
Objective-C,2013,3,5025
HTML,2013,3,4455
CSS,2013,3,4448
Scala,2013,3,3902
Shell,2013,3,3769
Go,2013,3,3584
TypeScript,2013,3,2179
CoffeeScript,2013,3,2004
Perl,2013,3,1969
Emacs Lisp,2013,3,1425
Erlang,2013,3,1117
Lua,2013,3,1004
DM,2013,3,922
Puppet,2013,3,916
Haskell,2013,3,882
Groovy,2013,3,815
Clojure,2013,3,720
Nix,2013,3,600
Elixir,2013,3,540
OCaml,2013,3,447
VimL,2013,3,414
Kotlin,2013,3,393
Jupyter Notebook,2013,3,375
Makefile,2013,3,353
Vim script,2013,3,326
XSLT,2013,3,268
TeX,2013,3,249
Dart,2013,3,240
nesC,2013,3,230
Julia,2013,3,225
Smalltalk,2013,3,188
Rust,2013,3,177
TSQL,2013,3,175
R,2013,3,159
Assembly,2013,3,159
ColdFusion,2013,3,159
Scheme,2013,3,155
PowerShell,2013,3,144
Common Lisp,2013,3,139
Mako,2013,3,134
D,2013,3,122
Fortran,2013,3,122
Haxe,2013,3,106
Vala,2013,3,102
JavaScript,2013,4,58732
Python,2013,4,54051
Ruby,2013,4,42989
PHP,2013,4,35335
Java,2013,4,29410
C++,2013,4,15174
C,2013,4,10537
C#,2013,4,7461
HTML,2013,4,7378
CSS,2013,4,6774
Shell,2013,4,6515
Objective-C,2013,4,6140
Go,2013,4,5050
Scala,2013,4,4550
CoffeeScript,2013,4,3670
TypeScript,2013,4,2513
Erlang,2013,4,1747
Perl,2013,4,1636
Puppet,2013,4,1590
Emacs Lisp,2013,4,1468
Groovy,2013,4,1141
Lua,2013,4,1075
DM,2013,4,1068
Haskell,2013,4,968
Clojure,2013,4,855
OCaml,2013,4,718
Nix,2013,4,691
nesC,2013,4,664
Swift,2013,4,581
TeX,2013,4,531
Kotlin,2013,4,522
Rust,2013,4,510
R,2013,4,475
Dart,2013,4,422
Julia,2013,4,387
Jupyter Notebook,2013,4,367
Elixir,2013,4,348
Scheme,2013,4,288
PowerShell,2013,4,286
Makefile,2013,4,283
ColdFusion,2013,4,262
F#,2013,4,244
XSLT,2013,4,242
VimL,2013,4,225
Vim script,2013,4,220
Logos,2013,4,158
Smalltalk,2013,4,156
TSQL,2013,4,150
D,2013,4,136
ActionScript,2013,4,126
Haxe,2013,4,104
JavaScript,2014,1,79285
Python,2014,1,65225
Ruby,2014,1,53443
PHP,2014,1,46231
Java,2014,1,35787
C++,2014,1,20710
C,2014,1,13596
HTML,2014,1,9175
CSS,2014,1,8651
Objective-C,2014,1,8044
C#,2014,1,7955
Shell,2014,1,6908
Go,2014,1,6673
Scala,2014,1,6576
CoffeeScript,2014,1,4564
TypeScript,2014,1,3080
Perl,2014,1,2335
Lua,2014,1,2048
Emacs Lisp,2014,1,1993
Erlang,2014,1,1909
Clojure,2014,1,1724
Groovy,2014,1,1600
DM,2014,1,1577
Puppet,2014,1,1459
Haskell,2014,1,1390
Kotlin,2014,1,1341
Nix,2014,1,1126
Rust,2014,1,846
Jupyter Notebook,2014,1,777
nesC,2014,1,708
OCaml,2014,1,602
Makefile,2014,1,586
Swift,2014,1,585
Dart,2014,1,569
Julia,2014,1,557
F#,2014,1,550
Elixir,2014,1,434
Vim script,2014,1,418
PowerShell,2014,1,413
R,2014,1,373
TeX,2014,1,372
Scheme,2014,1,364
XSLT,2014,1,356
TSQL,2014,1,324
D,2014,1,313
VimL,2014,1,270
PLSQL,2014,1,269
ActionScript,2014,1,266
CMake,2014,1,262
Haxe,2014,1,251
Apex,2014,1,242
QML,2014,1,196
Smalltalk,2014,1,191
Fortran,2014,1,187
Assembly,2014,1,161
Pascal,2014,1,146
Common Lisp,2014,1,141
Objective-C++,2014,1,138
Pan,2014,1,132
Vala,2014,1,130
ColdFusion,2014,1,126
Tcl,2014,1,105
Mako,2014,1,102
JavaScript,2014,2,91650
Python,2014,2,73924
Ruby,2014,2,60784
PHP,2014,2,46812
Java,2014,2,43988
C++,2014,2,24380
C,2014,2,14731
HTML,2014,2,13161
CSS,2014,2,10680
C#,2014,2,10549
Go,2014,2,10016
Scala,2014,2,8631
Objective-C,2014,2,8399
Shell,2014,2,7958
CoffeeScript,2014,2,5792
TypeScript,2014,2,4635
Perl,2014,2,2567
Rust,2014,2,2286
Lua,2014,2,2126
Erlang,2014,2,1961
Haskell,2014,2,1740
Clojure,2014,2,1698
Nix,2014,2,1619
Groovy,2014,2,1583
Emacs Lisp,2014,2,1579
Puppet,2014,2,1444
DM,2014,2,1244
Kotlin,2014,2,1176
Jupyter Notebook,2014,2,914
OCaml,2014,2,867
Swift,2014,2,840
Elixir,2014,2,736
R,2014,2,706
Makefile,2014,2,628
F#,2014,2,614
Dart,2014,2,588
TSQL,2014,2,572
PLSQL,2014,2,571
Julia,2014,2,553
Fortran,2014,2,533
nesC,2014,2,507
Vim script,2014,2,457
PowerShell,2014,2,427
Scheme,2014,2,420
ActionScript,2014,2,393
Haxe,2014,2,383
TeX,2014,2,375
XSLT,2014,2,323
VimL,2014,2,279
Smalltalk,2014,2,277
D,2014,2,260
Assembly,2014,2,258
Apex,2014,2,216
ColdFusion,2014,2,198
Liquid,2014,2,171
Pascal,2014,2,149
SQLPL,2014,2,138
Objective-C++,2014,2,132
Racket,2014,2,129
SQL,2014,2,123
Objective-J,2014,2,115
Common Lisp,2014,2,113
Vim Snippet,2014,2,110
CMake,2014,2,109
Common Workflow Language,2014,2,107
Eagle,2014,2,106
Vala,2014,2,105
Protocol Buffer,2014,2,104
QML,2014,2,103
Standard ML,2014,2,102
JavaScript,2014,3,109364
Python,2014,3,82053
Ruby,2014,3,67387
PHP,2014,3,53112
Java,2014,3,49765
C++,2014,3,29235
Go,2014,3,16910
HTML,2014,3,16756
C,2014,3,16625
C#,2014,3,11871
CSS,2014,3,11732
Scala,2014,3,10910
Shell,2014,3,10511
Objective-C,2014,3,8385
CoffeeScript,2014,3,6112
TypeScript,2014,3,5370
Rust,2014,3,3500
Perl,2014,3,2991
Lua,2014,3,2622
Swift,2014,3,2613
Haskell,2014,3,2523
Clojure,2014,3,2482
Nix,2014,3,2066
Groovy,2014,3,1814
Erlang,2014,3,1804
Puppet,2014,3,1580
Emacs Lisp,2014,3,1535
Makefile,2014,3,1393
DM,2014,3,1388
Jupyter Notebook,2014,3,1126
Elixir,2014,3,1073
Kotlin,2014,3,1056
PLSQL,2014,3,1000
OCaml,2014,3,857
Julia,2014,3,768
F#,2014,3,689
ActionScript,2014,3,634
Dart,2014,3,579
R,2014,3,561
PowerShell,2014,3,552
Fortran,2014,3,511
D,2014,3,466
TSQL,2014,3,423
Scheme,2014,3,372
TeX,2014,3,347
Vim script,2014,3,321
XSLT,2014,3,278
Smalltalk,2014,3,243
Common Lisp,2014,3,240
Apex,2014,3,238
VimL,2014,3,234
Haxe,2014,3,232
ColdFusion,2014,3,219
Assembly,2014,3,214
CMake,2014,3,205
Pascal,2014,3,167
SCSS,2014,3,154
Liquid,2014,3,147
XQuery,2014,3,145
Objective-J,2014,3,143
Dockerfile,2014,3,139
Tcl,2014,3,138
QML,2014,3,134
GCC Machine Description,2014,3,131
PLpgSQL,2014,3,123
Protocol Buffer,2014,3,118
Vala,2014,3,116
Vim Snippet,2014,3,116
Xtend,2014,3,109
Matlab,2014,3,105
ApacheConf,2014,3,103
Common Workflow Language,2014,3,102
Arduino,2014,3,102
JavaScript,2014,4,122908
Python,2014,4,92612
Ruby,2014,4,74442
Java,2014,4,57996
PHP,2014,4,56585
C++,2014,4,32035
Go,2014,4,20395
C,2014,4,19354
HTML,2014,4,17772
C#,2014,4,14199
CSS,2014,4,13352
Shell,2014,4,11773
Scala,2014,4,10851
Objective-C,2014,4,8353
TypeScript,2014,4,7015
CoffeeScript,2014,4,5697
Rust,2014,4,5462
Swift,2014,4,3406
Perl,2014,4,3240
Clojure,2014,4,2734
Lua,2014,4,2728
Haskell,2014,4,2645
Kotlin,2014,4,2328
DM,2014,4,2144
Erlang,2014,4,2084
Puppet,2014,4,1949
Nix,2014,4,1885
Emacs Lisp,2014,4,1815
Groovy,2014,4,1675
Makefile,2014,4,1539
PLSQL,2014,4,1113
OCaml,2014,4,968
F#,2014,4,968
Jupyter Notebook,2014,4,865
Elixir,2014,4,827
R,2014,4,813
TSQL,2014,4,803
PowerShell,2014,4,676
YAML,2014,4,673
Julia,2014,4,669
Vim script,2014,4,576
Visual Basic,2014,4,548
TeX,2014,4,547
Dart,2014,4,539
XSLT,2014,4,527
CMake,2014,4,492
Fortran,2014,4,467
SCSS,2014,4,447
Gherkin,2014,4,425
D,2014,4,354
JSON,2014,4,312
Haxe,2014,4,311
Scheme,2014,4,303
Smalltalk,2014,4,285
PureScript,2014,4,256
Common Lisp,2014,4,252
VimL,2014,4,230
ColdFusion,2014,4,227
ActionScript,2014,4,222
ApacheConf,2014,4,221
ooc,2014,4,212
Dockerfile,2014,4,209
Apex,2014,4,186
QML,2014,4,178
MATLAB,2014,4,168
Standard ML,2014,4,161
Pascal,2014,4,139
XQuery,2014,4,138
SQLPL,2014,4,133
Objective-J,2014,4,126
SQF,2014,4,126
PostScript,2014,4,125
Protocol Buffer,2014,4,119
Matlab,2014,4,117
Tcl,2014,4,110
ASP,2014,4,104
GCC Machine Description,2014,4,103
Assembly,2014,4,100
JavaScript,2015,1,159184
Python,2015,1,119803
Ruby,2015,1,92148
Java,2015,1,79605
PHP,2015,1,74671
C++,2015,1,39024
Go,2015,1,30419
HTML,2015,1,27733
C,2015,1,23609
C#,2015,1,22963
CSS,2015,1,16878
Shell,2015,1,15493
Scala,2015,1,13536
Objective-C,2015,1,11216
TypeScript,2015,1,9668
Rust,2015,1,8089
CoffeeScript,2015,1,6802
Swift,2015,1,4813
Perl,2015,1,3933
Lua,2015,1,3560
Clojure,2015,1,3488
Haskell,2015,1,3244
Erlang,2015,1,2602
DM,2015,1,2596
Makefile,2015,1,2485
Puppet,2015,1,2480
Nix,2015,1,2404
Groovy,2015,1,2364
Emacs Lisp,2015,1,2274
Kotlin,2015,1,1823
R,2015,1,1577
Jupyter Notebook,2015,1,1568
OCaml,2015,1,1175
Dart,2015,1,1147
Elixir,2015,1,1068
TSQL,2015,1,971
PowerShell,2015,1,962
Julia,2015,1,950
YAML,2015,1,938
F#,2015,1,872
Visual Basic,2015,1,830
Vim script,2015,1,637
TeX,2015,1,635
ApacheConf,2015,1,589
Fortran,2015,1,575
Scheme,2015,1,562
PLSQL,2015,1,477
Thrift,2015,1,467
Haxe,2015,1,450
Dockerfile,2015,1,422
PureScript,2015,1,411
XSLT,2015,1,404
QML,2015,1,399
SCSS,2015,1,360
VimL,2015,1,357
D,2015,1,342
Common Lisp,2015,1,337
SQF,2015,1,326
Assembly,2015,1,324
CMake,2015,1,315
ColdFusion,2015,1,310
PLpgSQL,2015,1,272
Vala,2015,1,267
Apex,2015,1,251
MATLAB,2015,1,237
Smalltalk,2015,1,231
Gherkin,2015,1,229
Tcl,2015,1,218
ActionScript,2015,1,212
Eagle,2015,1,207
Standard ML,2015,1,204
Objective-C++,2015,1,199
JSON,2015,1,188
HCL,2015,1,186
PostScript,2015,1,179
ooc,2015,1,177
ASP,2015,1,174
Matlab,2015,1,165
SourcePawn,2015,1,159
Rich Text Format,2015,1,157
XQuery,2015,1,149
Racket,2015,1,149
Pascal,2015,1,147
Processing,2015,1,145
Arduino,2015,1,143
SaltStack,2015,1,142
Elm,2015,1,140
Batchfile,2015,1,137
Raku,2015,1,137
Perl 6,2015,1,134
Smarty,2015,1,134
Liquid,2015,1,127
Groff,2015,1,126
Hack,2015,1,113
CWeb,2015,1,107
Objective-J,2015,1,106
JavaScript,2015,2,187618
Python,2015,2,138537
Java,2015,2,99768
Ruby,2015,2,96362
PHP,2015,2,79571
C++,2015,2,44827
Go,2015,2,41655
HTML,2015,2,33482
C#,2015,2,28183
C,2015,2,26825
Shell,2015,2,18703
CSS,2015,2,18224
Scala,2015,2,15854
TypeScript,2015,2,14616
Objective-C,2015,2,12864
Rust,2015,2,8456
CoffeeScript,2015,2,8071
Swift,2015,2,7354
Lua,2015,2,4152
Clojure,2015,2,3800
Perl,2015,2,3783
Haskell,2015,2,3647
Erlang,2015,2,3246
DM,2015,2,3008
Groovy,2015,2,2826
Kotlin,2015,2,2540
Nix,2015,2,2331
PowerShell,2015,2,2110
Emacs Lisp,2015,2,2039
Puppet,2015,2,1938
Dart,2015,2,1802
Makefile,2015,2,1757
Elixir,2015,2,1725
YAML,2015,2,1710
Jupyter Notebook,2015,2,1668
R,2015,2,1600
OCaml,2015,2,1497
Julia,2015,2,1296
Visual Basic,2015,2,975
F#,2015,2,965
Thrift,2015,2,943
TeX,2015,2,926
TSQL,2015,2,836
Dockerfile,2015,2,683
Fortran,2015,2,664
Vim script,2015,2,651
Haxe,2015,2,587
PureScript,2015,2,584
Processing,2015,2,532
JSON,2015,2,532
XSLT,2015,2,500
CMake,2015,2,488
SCSS,2015,2,478
Scheme,2015,2,474
VimL,2015,2,442
MATLAB,2015,2,405
ApacheConf,2015,2,390
D,2015,2,380
Vala,2015,2,380
AutoIt,2015,2,355
QML,2015,2,353
Smalltalk,2015,2,332
PLpgSQL,2015,2,329
ActionScript,2015,2,302
PLSQL,2015,2,283
Common Lisp,2015,2,277
ooc,2015,2,273
Matlab,2015,2,271
Apex,2015,2,269
Perl 6,2015,2,265
SQF,2015,2,265
Assembly,2015,2,254
Objective-C++,2015,2,250
HCL,2015,2,247
Mustache,2015,2,247
Perl6,2015,2,215
Racket,2015,2,205
Gherkin,2015,2,205
Standard ML,2015,2,196
Elm,2015,2,183
Pascal,2015,2,172
Groff,2015,2,165
PostScript,2015,2,163
Raku,2015,2,157
Cuda,2015,2,151
GDScript,2015,2,143
Protocol Buffer,2015,2,136
ColdFusion,2015,2,129
Verilog,2015,2,119
Jsonnet,2015,2,116
Arduino,2015,2,115
SQLPL,2015,2,114
GCC Machine Description,2015,2,113
JavaScript,2015,3,217971
Python,2015,3,158188
Java,2015,3,106372
Ruby,2015,3,103950
PHP,2015,3,86688
Go,2015,3,51552
C++,2015,3,47984
HTML,2015,3,45419
C#,2015,3,33214
C,2015,3,30865
Shell,2015,3,25053
CSS,2015,3,24588
TypeScript,2015,3,18350
Scala,2015,3,16127
Objective-C,2015,3,14562
Swift,2015,3,10089
CoffeeScript,2015,3,8613
Rust,2015,3,6808
Clojure,2015,3,4907
Lua,2015,3,4095
Haskell,2015,3,3769
Erlang,2015,3,3696
Perl,2015,3,3667
DM,2015,3,3306
Jupyter Notebook,2015,3,3225
Groovy,2015,3,2865
PowerShell,2015,3,2538
Nix,2015,3,2511
Kotlin,2015,3,2500
Elixir,2015,3,2437
R,2015,3,2307
Julia,2015,3,2239
Emacs Lisp,2015,3,2163
Puppet,2015,3,1994
Makefile,2015,3,1925
Dart,2015,3,1457
ApacheConf,2015,3,1320
YAML,2015,3,1284
OCaml,2015,3,1237
Visual Basic,2015,3,1232
TSQL,2015,3,1099
TeX,2015,3,1064
F#,2015,3,1060
Thrift,2015,3,1034
Dockerfile,2015,3,924
CMake,2015,3,806
PureScript,2015,3,712
Vim script,2015,3,680
XSLT,2015,3,589
MATLAB,2015,3,486
D,2015,3,470
SCSS,2015,3,458
ooc,2015,3,446
Haxe,2015,3,428
Fortran,2015,3,421
Gherkin,2015,3,415
QML,2015,3,398
PLpgSQL,2015,3,394
VimL,2015,3,388
Elm,2015,3,364
Standard ML,2015,3,350
ActionScript,2015,3,338
Objective-C++,2015,3,333
Smalltalk,2015,3,324
Racket,2015,3,312
Pascal,2015,3,300
Vala,2015,3,299
Matlab,2015,3,295
Scheme,2015,3,294
SQF,2015,3,294
Common Lisp,2015,3,265
HCL,2015,3,258
mIRC Script,2015,3,253
SaltStack,2015,3,251
Batchfile,2015,3,248
ColdFusion,2015,3,236
JSON,2015,3,232
GCC Machine Description,2015,3,228
Raku,2015,3,211
Assembly,2015,3,209
Apex,2015,3,198
Perl 6,2015,3,176
Crystal,2015,3,170
Protocol Buffer,2015,3,168
Arduino,2015,3,166
Processing,2015,3,165
BitBake,2015,3,160
Vue,2015,3,157
Jinja,2015,3,156
SourcePawn,2015,3,144
Groff,2015,3,137
Roff,2015,3,137
Mustache,2015,3,129
Cuda,2015,3,121
Eagle,2015,3,104
IDL,2015,3,104
PLSQL,2015,3,102
Mathematica,2015,3,101
JavaScript,2015,4,276229
Python,2015,4,168664
Ruby,2015,4,124970
Java,2015,4,122191
PHP,2015,4,99509
Go,2015,4,59519
C++,2015,4,57276
HTML,2015,4,55186
C#,2015,4,39029
C,2015,4,32850
Shell,2015,4,26602
CSS,2015,4,26552
TypeScript,2015,4,23795
Scala,2015,4,16244
Objective-C,2015,4,15228
Swift,2015,4,13527
CoffeeScript,2015,4,8830
Rust,2015,4,6159
Clojure,2015,4,5971
Lua,2015,4,4545
DM,2015,4,4401
Perl,2015,4,4022
Jupyter Notebook,2015,4,3731
Haskell,2015,4,3503
Kotlin,2015,4,3444
Erlang,2015,4,3433
Makefile,2015,4,3353
Groovy,2015,4,3144
Nix,2015,4,2970
PowerShell,2015,4,2932
Elixir,2015,4,2779
Emacs Lisp,2015,4,2605
Dart,2015,4,2299
R,2015,4,2173
Visual Basic,2015,4,2032
Puppet,2015,4,1976
F#,2015,4,1854
Julia,2015,4,1731
TeX,2015,4,1683
OCaml,2015,4,1597
ApacheConf,2015,4,1550
ooc,2015,4,1195
Dockerfile,2015,4,1096
YAML,2015,4,1056
Vim script,2015,4,947
Assembly,2015,4,857
TSQL,2015,4,838
CMake,2015,4,641
PureScript,2015,4,637
SCSS,2015,4,602
Fortran,2015,4,575
Haxe,2015,4,572
Common Lisp,2015,4,566
Perl 6,2015,4,551
MATLAB,2015,4,490
XSLT,2015,4,481
Objective-C++,2015,4,474
Elm,2015,4,444
Scheme,2015,4,427
PLpgSQL,2015,4,402
VimL,2015,4,399
Raku,2015,4,398
QML,2015,4,396
D,2015,4,376
ActionScript,2015,4,352
HCL,2015,4,350
Matlab,2015,4,341
Smalltalk,2015,4,336
Batchfile,2015,4,333
Apex,2015,4,325
Pascal,2015,4,300
Racket,2015,4,297
Gherkin,2015,4,291
Standard ML,2015,4,285
Crystal,2015,4,273
JSON,2015,4,269
Perl6,2015,4,261
ColdFusion,2015,4,252
Protocol Buffer,2015,4,248
Arduino,2015,4,247
SaltStack,2015,4,241
Vue,2015,4,223
SQF,2015,4,209
GCC Machine Description,2015,4,180
Smarty,2015,4,180
SourcePawn,2015,4,176
BitBake,2015,4,172
Vala,2015,4,168
Eiffel,2015,4,168
Tcl,2015,4,166
Jinja,2015,4,165
Eagle,2015,4,165
Jsonnet,2015,4,161
OpenEdge ABL,2015,4,152
Roff,2015,4,149
LLVM,2015,4,148
GLSL,2015,4,145
Markdown,2015,4,145
Processing,2015,4,141
PostScript,2015,4,139
Groff,2015,4,138
Web Ontology Language,2015,4,128
mIRC Script,2015,4,124
Slash,2015,4,122
FORTRAN,2015,4,115
API Blueprint,2015,4,106
Common Workflow Language,2015,4,105
PLSQL,2015,4,105
IDL,2015,4,105
JavaScript,2016,1,354843
Python,2016,1,191398
Java,2016,1,140080
Ruby,2016,1,137821
PHP,2016,1,109603
Go,2016,1,72346
C++,2016,1,67634
HTML,2016,1,63078
C#,2016,1,40577
C,2016,1,36877
CSS,2016,1,34210
TypeScript,2016,1,32257
Shell,2016,1,29124
Scala,2016,1,20215
Objective-C,2016,1,17666
Swift,2016,1,17485
CoffeeScript,2016,1,9333
Rust,2016,1,8683
Lua,2016,1,5523
Jupyter Notebook,2016,1,5124
Clojure,2016,1,5091
DM,2016,1,4698
Perl,2016,1,4669
Kotlin,2016,1,4585
Groovy,2016,1,4243
Makefile,2016,1,3749
Visual Basic,2016,1,3632
PowerShell,2016,1,3552
Nix,2016,1,3522
Elixir,2016,1,3511
Erlang,2016,1,3443
Haskell,2016,1,3349
R,2016,1,3086
Puppet,2016,1,2985
Dart,2016,1,2819
Emacs Lisp,2016,1,2533
OCaml,2016,1,2190
TeX,2016,1,2065
F#,2016,1,1638
Julia,2016,1,1442
Dockerfile,2016,1,1257
YAML,2016,1,1256
Vim script,2016,1,1107
ooc,2016,1,881
Fortran,2016,1,809
Haxe,2016,1,804
SCSS,2016,1,726
PureScript,2016,1,713
XSLT,2016,1,696
TSQL,2016,1,685
MATLAB,2016,1,669
Smalltalk,2016,1,651
CMake,2016,1,638
Common Lisp,2016,1,638
Elm,2016,1,617
D,2016,1,601
Vue,2016,1,597
Matlab,2016,1,587
Objective-C++,2016,1,582
GLSL,2016,1,472
Crystal,2016,1,456
HCL,2016,1,446
Vala,2016,1,421
Pascal,2016,1,420
Apex,2016,1,399
Perl 6,2016,1,392
Assembly,2016,1,392
ColdFusion,2016,1,391
QML,2016,1,386
Scheme,2016,1,377
RobotFramework,2016,1,373
Objective-J,2016,1,371
WebAssembly,2016,1,368
PLpgSQL,2016,1,353
Markdown,2016,1,340
Arduino,2016,1,339
VimL,2016,1,331
Batchfile,2016,1,326
Jsonnet,2016,1,316
Gherkin,2016,1,314
SQF,2016,1,307
BitBake,2016,1,279
Standard ML,2016,1,278
API Blueprint,2016,1,277
SaltStack,2016,1,267
Nim,2016,1,265
Cucumber,2016,1,262
mIRC Script,2016,1,261
Roff,2016,1,243
SourcePawn,2016,1,242
Protocol Buffer,2016,1,224
ActionScript,2016,1,221
Tcl,2016,1,211
ApacheConf,2016,1,206
JSON,2016,1,201
Cuda,2016,1,198
Eagle,2016,1,182
Raku,2016,1,175
Racket,2016,1,174
Jinja,2016,1,169
SystemVerilog,2016,1,158
PLSQL,2016,1,157
Processing,2016,1,149
Game Maker Language,2016,1,149
Smarty,2016,1,148
NSIS,2016,1,144
SQLPL,2016,1,134
Xtend,2016,1,131
Nginx,2016,1,128
Mathematica,2016,1,128
Mustache,2016,1,127
LiveScript,2016,1,126
Verilog,2016,1,123
Eiffel,2016,1,120
Rascal,2016,1,118
Stylus,2016,1,114
YARA,2016,1,112
GCC Machine Description,2016,1,112
Ceylon,2016,1,111
PostScript,2016,1,110
Modelica,2016,1,107
Perl6,2016,1,105
MoonScript,2016,1,101
JavaScript,2016,2,373028
Python,2016,2,201763
Java,2016,2,145221
Ruby,2016,2,108650
PHP,2016,2,106539
Go,2016,2,74733
C++,2016,2,69711
HTML,2016,2,61002
C#,2016,2,43169
TypeScript,2016,2,42717
C,2016,2,36068
CSS,2016,2,31216
Shell,2016,2,30939
Scala,2016,2,21732
Swift,2016,2,19736
Objective-C,2016,2,13456
Rust,2016,2,9310
CoffeeScript,2016,2,8248
Clojure,2016,2,5408
Lua,2016,2,5357
DM,2016,2,5241
Groovy,2016,2,4978
Kotlin,2016,2,4883
Jupyter Notebook,2016,2,4604
Elixir,2016,2,4342
Perl,2016,2,4202
Haskell,2016,2,3581
Makefile,2016,2,3540
Erlang,2016,2,3540
Nix,2016,2,3451
R,2016,2,3171
PowerShell,2016,2,3163
Dart,2016,2,2630
Visual Basic,2016,2,2554
OCaml,2016,2,2528
TeX,2016,2,2498
Puppet,2016,2,2299
Emacs Lisp,2016,2,2232
F#,2016,2,1920
Julia,2016,2,1760
YAML,2016,2,1545
Common Lisp,2016,2,1309
Vim script,2016,2,1255
Dockerfile,2016,2,1188
TSQL,2016,2,1018
CMake,2016,2,937
SCSS,2016,2,873
Elm,2016,2,714
Matlab,2016,2,689
Objective-C++,2016,2,655
PLpgSQL,2016,2,626
Haxe,2016,2,626
PureScript,2016,2,625
Fortran,2016,2,611
HCL,2016,2,594
XSLT,2016,2,556
Vue,2016,2,540
Gherkin,2016,2,539
MATLAB,2016,2,513
WebAssembly,2016,2,512
Smalltalk,2016,2,490
BitBake,2016,2,467
D,2016,2,466
Tcl,2016,2,465
ooc,2016,2,440
Scheme,2016,2,419
QML,2016,2,417
RobotFramework,2016,2,410
GLSL,2016,2,401
Perl 6,2016,2,394
Arduino,2016,2,393
SQF,2016,2,391
Crystal,2016,2,389
Batchfile,2016,2,381
SourcePawn,2016,2,356
Mustache,2016,2,337
Markdown,2016,2,333
Roff,2016,2,311
JSON,2016,2,301
Pascal,2016,2,301
PLSQL,2016,2,298
ColdFusion,2016,2,296
Vala,2016,2,276
Apex,2016,2,254
Prolog,2016,2,252
PostScript,2016,2,239
Nim,2016,2,239
API Blueprint,2016,2,233
Protocol Buffer,2016,2,232
SQLPL,2016,2,228
Rascal,2016,2,222
Assembly,2016,2,215
ActionScript,2016,2,207
ASP,2016,2,206
Raku,2016,2,206
Jsonnet,2016,2,206
Rich Text Format,2016,2,203
ApacheConf,2016,2,203
Smarty,2016,2,197
Starlark,2016,2,196
Xtend,2016,2,191
VimL,2016,2,189
SaltStack,2016,2,189
Zephir,2016,2,186
mIRC Script,2016,2,176
Standard ML,2016,2,168
SAS,2016,2,157
Groff,2016,2,147
Jinja,2016,2,143
Verilog,2016,2,142
Racket,2016,2,142
Eagle,2016,2,132
Stylus,2016,2,129
Logos,2016,2,126
Cuda,2016,2,118
Nginx,2016,2,117
GAP,2016,2,114
Processing,2016,2,111
JavaScript,2016,3,370929
Python,2016,3,199829
Java,2016,3,133170
Ruby,2016,3,99275
PHP,2016,3,96026
Go,2016,3,77394
C++,2016,3,66654
HTML,2016,3,52673
TypeScript,2016,3,50335
C#,2016,3,43185
C,2016,3,34589
Shell,2016,3,28659
CSS,2016,3,26991
Swift,2016,3,22293
Scala,2016,3,21146
Objective-C,2016,3,12227
Rust,2016,3,8355
CoffeeScript,2016,3,6562
Jupyter Notebook,2016,3,6473
Kotlin,2016,3,5743
Lua,2016,3,5286
Clojure,2016,3,4867
Groovy,2016,3,4271
Nix,2016,3,4048
Elixir,2016,3,3922
DM,2016,3,3870
Perl,2016,3,3815
Haskell,2016,3,3680
PowerShell,2016,3,3131
Makefile,2016,3,3115
Erlang,2016,3,3057
R,2016,3,2447
OCaml,2016,3,2325
Dart,2016,3,2174
Puppet,2016,3,2150
Julia,2016,3,2134
Visual Basic,2016,3,2041
Emacs Lisp,2016,3,2012
F#,2016,3,1373
Dockerfile,2016,3,1321
Vim script,2016,3,1254
Vue,2016,3,1175
TeX,2016,3,1151
SCSS,2016,3,956
Fortran,2016,3,786
Objective-C++,2016,3,742
Haxe,2016,3,735
TSQL,2016,3,718
YAML,2016,3,677
CMake,2016,3,635
Elm,2016,3,607
Matlab,2016,3,579
MATLAB,2016,3,519
Scheme,2016,3,471
XSLT,2016,3,469
PLpgSQL,2016,3,446
BitBake,2016,3,437
HCL,2016,3,429
PureScript,2016,3,428
Tcl,2016,3,419
Crystal,2016,3,413
QML,2016,3,387
Mustache,2016,3,383
Common Lisp,2016,3,375
Gherkin,2016,3,369
SQF,2016,3,353
Protocol Buffer,2016,3,333
D,2016,3,327
Perl 6,2016,3,307
Smalltalk,2016,3,306
Starlark,2016,3,295
Apex,2016,3,291
Batchfile,2016,3,291
GLSL,2016,3,290
Markdown,2016,3,287
Roff,2016,3,284
Arduino,2016,3,268
RobotFramework,2016,3,268
Nim,2016,3,263
SaltStack,2016,3,253
Vala,2016,3,250
Visual Basic .NET,2016,3,250
Pascal,2016,3,249
mIRC Script,2016,3,243
Raku,2016,3,235
Nginx,2016,3,219
Xtend,2016,3,217
Stylus,2016,3,216
SourcePawn,2016,3,215
ooc,2016,3,211
Rascal,2016,3,187
ColdFusion,2016,3,185
Assembly,2016,3,183
API Blueprint,2016,3,182
PLSQL,2016,3,171
Racket,2016,3,165
VimL,2016,3,163
Smarty,2016,3,162
Rich Text Format,2016,3,152
WebAssembly,2016,3,151
Jinja,2016,3,150
Jsonnet,2016,3,147
ApacheConf,2016,3,147
Standard ML,2016,3,134
DIGITAL Command Language,2016,3,133
Common Workflow Language,2016,3,130
Cuda,2016,3,130
ASP,2016,3,129
FORTRAN,2016,3,113
YARA,2016,3,110
ActionScript,2016,3,108
XQuery,2016,3,107
M4,2016,3,105
Eagle,2016,3,104
JavaScript,2016,4,381082
Python,2016,4,205626
Java,2016,4,146732
PHP,2016,4,102718
Ruby,2016,4,100313
Go,2016,4,83963
C++,2016,4,70054
HTML,2016,4,62026
TypeScript,2016,4,60006
C#,2016,4,45681
C,2016,4,38772
Shell,2016,4,32824
CSS,2016,4,28675
Swift,2016,4,22300
Scala,2016,4,22250
Objective-C,2016,4,12246
Rust,2016,4,8229
CoffeeScript,2016,4,7360
Jupyter Notebook,2016,4,7016
Lua,2016,4,6627
Kotlin,2016,4,5814
Clojure,2016,4,4895
Elixir,2016,4,4545
Perl,2016,4,4317
Groovy,2016,4,4313
Nix,2016,4,3878
DM,2016,4,3575
Haskell,2016,4,3376
PowerShell,2016,4,3363
Erlang,2016,4,3269
Dart,2016,4,2864
Vue,2016,4,2830
Makefile,2016,4,2798
OCaml,2016,4,2788
R,2016,4,2428
Visual Basic,2016,4,2352
Puppet,2016,4,2115
Emacs Lisp,2016,4,1915
Dockerfile,2016,4,1877
Vim script,2016,4,1858
F#,2016,4,1383
TeX,2016,4,1370
Julia,2016,4,1216
Elm,2016,4,1125
CMake,2016,4,1059
SCSS,2016,4,1023
PureScript,2016,4,848
YAML,2016,4,740
Matlab,2016,4,738
MATLAB,2016,4,720
TSQL,2016,4,699
HCL,2016,4,692
Fortran,2016,4,651
PLpgSQL,2016,4,648
Objective-C++,2016,4,643
Perl6,2016,4,624
Gherkin,2016,4,600
Crystal,2016,4,572
BitBake,2016,4,531
Haxe,2016,4,525
Common Lisp,2016,4,493
XSLT,2016,4,482
Visual Basic .NET,2016,4,425
RobotFramework,2016,4,422
SQF,2016,4,408
Pascal,2016,4,401
Prolog,2016,4,382
Arduino,2016,4,368
Perl 6,2016,4,366
Smalltalk,2016,4,364
QML,2016,4,358
Smarty,2016,4,340
D,2016,4,331
Batchfile,2016,4,325
Xtend,2016,4,325
GLSL,2016,4,288
ooc,2016,4,285
Mustache,2016,4,282
mIRC Script,2016,4,279
Assembly,2016,4,270
LLVM,2016,4,267
SourcePawn,2016,4,265
Raku,2016,4,260
Apex,2016,4,259
Scheme,2016,4,258
SQLPL,2016,4,253
VHDL,2016,4,252
Roff,2016,4,247
Vala,2016,4,246
WebAssembly,2016,4,231
Coq,2016,4,223
ColdFusion,2016,4,221
SaltStack,2016,4,220
VimL,2016,4,210
ApacheConf,2016,4,204
Cuda,2016,4,203
Jinja,2016,4,202
PLSQL,2016,4,199
Eagle,2016,4,194
Standard ML,2016,4,193
Starlark,2016,4,191
Jsonnet,2016,4,191
1C Enterprise,2016,4,178
Nim,2016,4,171
Rich Text Format,2016,4,168
Nginx,2016,4,166
OpenEdge ABL,2016,4,163
Rascal,2016,4,161
Stylus,2016,4,142
AGS Script,2016,4,139
Pug,2016,4,138
Racket,2016,4,133
API Blueprint,2016,4,131
ABAP,2016,4,123
Processing,2016,4,120
Tcl,2016,4,119
Eiffel,2016,4,118
GCC Machine Description,2016,4,118
FreeMarker,2016,4,115
M4,2016,4,114
KiCad,2016,4,112
AutoHotkey,2016,4,108
LiveScript,2016,4,105
Pan,2016,4,102
JavaScript,2017,1,397530
Python,2017,1,240232
Java,2017,1,158813
PHP,2017,1,113779
Ruby,2017,1,110629
Go,2017,1,93281
C++,2017,1,78129
TypeScript,2017,1,75170
HTML,2017,1,64540
C#,2017,1,54073
C,2017,1,39191
Shell,2017,1,35901
CSS,2017,1,30705
Scala,2017,1,24332
Swift,2017,1,23880
Objective-C,2017,1,11755
Rust,2017,1,11336
Jupyter Notebook,2017,1,9440
Lua,2017,1,8950
Kotlin,2017,1,7792
CoffeeScript,2017,1,6523
DM,2017,1,6359
Elixir,2017,1,6164
Clojure,2017,1,5519
Groovy,2017,1,5463
Perl,2017,1,4789
Nix,2017,1,4727
PowerShell,2017,1,4349
Haskell,2017,1,4076
Dart,2017,1,3862
Erlang,2017,1,3313
Makefile,2017,1,3199
R,2017,1,3162
Vue,2017,1,3056
OCaml,2017,1,2754
Vim script,2017,1,2615
Visual Basic,2017,1,2596
TeX,2017,1,2208
Dockerfile,2017,1,2026
Emacs Lisp,2017,1,1969
Puppet,2017,1,1961
Julia,2017,1,1919
F#,2017,1,1385
Fortran,2017,1,1177
MATLAB,2017,1,1164
SCSS,2017,1,1021
Elm,2017,1,997
Objective-C++,2017,1,986
HCL,2017,1,915
TSQL,2017,1,909
PureScript,2017,1,875
CMake,2017,1,815
Gherkin,2017,1,789
XSLT,2017,1,757
Smarty,2017,1,729
Pascal,2017,1,698
Crystal,2017,1,697
PLpgSQL,2017,1,630
Roff,2017,1,549
Matlab,2017,1,516
BitBake,2017,1,515
Haxe,2017,1,489
Arduino,2017,1,459
D,2017,1,437
Common Lisp,2017,1,422
Visual Basic .NET,2017,1,415
YAML,2017,1,399
GLSL,2017,1,377
RobotFramework,2017,1,373
Smalltalk,2017,1,357
Mustache,2017,1,341
Vala,2017,1,335
QML,2017,1,326
Apex,2017,1,314
PLSQL,2017,1,308
SaltStack,2017,1,305
Assembly,2017,1,296
Jsonnet,2017,1,284
SourcePawn,2017,1,284
Batchfile,2017,1,270
SQF,2017,1,263
Starlark,2017,1,254
Scheme,2017,1,246
Jinja,2017,1,244
Ada,2017,1,240
ASP,2017,1,237
Raku,2017,1,229
Nim,2017,1,226
Perl6,2017,1,224
ABAP,2017,1,222
Xtend,2017,1,212
Markdown,2017,1,210
Perl 6,2017,1,205
PostScript,2017,1,194
Standard ML,2017,1,186
Prolog,2017,1,185
AutoIt,2017,1,182
ColdFusion,2017,1,168
Cuda,2017,1,166
FreeMarker,2017,1,165
Web Ontology Language,2017,1,164
Stylus,2017,1,163
Protocol Buffer,2017,1,162
AutoHotkey,2017,1,156
Racket,2017,1,154
Rich Text Format,2017,1,153
Rascal,2017,1,150
WebAssembly,2017,1,150
Groff,2017,1,146
API Blueprint,2017,1,137
Tcl,2017,1,133
Processing,2017,1,127
KiCad,2017,1,122
Common Workflow Language,2017,1,120
mIRC Script,2017,1,119
Component Pascal,2017,1,113
Eagle,2017,1,113
M4,2017,1,112
OpenSCAD,2017,1,108
SQLPL,2017,1,101
SWIG,2017,1,101
Coq,2017,1,100
JavaScript,2017,2,388477
Python,2017,2,251826
Java,2017,2,157408
Ruby,2017,2,108130
PHP,2017,2,105055
Go,2017,2,99153
C++,2017,2,83233
TypeScript,2017,2,81956
HTML,2017,2,64912
C#,2017,2,53596
C,2017,2,38042
CSS,2017,2,35449
Shell,2017,2,34568
Scala,2017,2,23711
Swift,2017,2,22266
Rust,2017,2,12682
DM,2017,2,11293
Objective-C,2017,2,11285
Jupyter Notebook,2017,2,10612
Kotlin,2017,2,9434
Lua,2017,2,6732
Groovy,2017,2,5475
Elixir,2017,2,5443
Clojure,2017,2,5122
CoffeeScript,2017,2,5056
Haskell,2017,2,4428
Nix,2017,2,4187
Dart,2017,2,4044
Perl,2017,2,3992
R,2017,2,3850
PowerShell,2017,2,3837
Vue,2017,2,3248
Makefile,2017,2,2917
OCaml,2017,2,2829
Erlang,2017,2,2796
HCL,2017,2,2481
Visual Basic,2017,2,2433
Emacs Lisp,2017,2,2413
Vim script,2017,2,2329
Dockerfile,2017,2,2120
Julia,2017,2,2016
TeX,2017,2,1929
Puppet,2017,2,1786
F#,2017,2,1531
MATLAB,2017,2,1427
Visual Basic .NET,2017,2,1328
CMake,2017,2,1073
Elm,2017,2,1058
PureScript,2017,2,1029
PLpgSQL,2017,2,927
Fortran,2017,2,900
SCSS,2017,2,784
Crystal,2017,2,761
Matlab,2017,2,716
Vala,2017,2,694
Perl 6,2017,2,690
BitBake,2017,2,654
Haxe,2017,2,641
Objective-C++,2017,2,626
Smarty,2017,2,622
Gherkin,2017,2,587
XSLT,2017,2,550
TSQL,2017,2,549
Perl6,2017,2,541
Common Lisp,2017,2,529
D,2017,2,522
FreeMarker,2017,2,518
YAML,2017,2,500
Starlark,2017,2,468
Arduino,2017,2,465
Mustache,2017,2,441
QML,2017,2,438
mIRC Script,2017,2,433
Smalltalk,2017,2,421
SaltStack,2017,2,420
SQF,2017,2,396
Roff,2017,2,389
Assembly,2017,2,374
Jinja,2017,2,362
Scheme,2017,2,339
Pascal,2017,2,315
Apex,2017,2,314
Nim,2017,2,291
PLSQL,2017,2,286
GLSL,2017,2,268
Batchfile,2017,2,266
WebAssembly,2017,2,257
Standard ML,2017,2,246
M4,2017,2,222
Uno,2017,2,208
Markdown,2017,2,204
Common Workflow Language,2017,2,200
ASP,2017,2,198
Raku,2017,2,198
SourcePawn,2017,2,196
Rich Text Format,2017,2,187
Processing,2017,2,178
SWIG,2017,2,173
JSON,2017,2,171
Racket,2017,2,154
Protocol Buffer,2017,2,149
RobotFramework,2017,2,148
Xtend,2017,2,138
ApacheConf,2017,2,137
Mathematica,2017,2,136
PostScript,2017,2,133
Stylus,2017,2,126
ColdFusion,2017,2,125
LabVIEW,2017,2,121
Cuda,2017,2,118
Rascal,2017,2,118
ABAP,2017,2,117
OpenSCAD,2017,2,117
Verilog,2017,2,115
F*,2017,2,109
AutoIt,2017,2,103
YARA,2017,2,102
ActionScript,2017,2,101
JavaScript,2017,3,356997
Python,2017,3,243854
Java,2017,3,140631
Go,2017,3,104538
PHP,2017,3,100471
Ruby,2017,3,97963
C++,2017,3,83317
TypeScript,2017,3,82460
HTML,2017,3,56455
C#,2017,3,51805
C,2017,3,37604
Shell,2017,3,34510
CSS,2017,3,29659
Scala,2017,3,22190
Swift,2017,3,21781
Rust,2017,3,11861
Kotlin,2017,3,11063
Jupyter Notebook,2017,3,10160
Objective-C,2017,3,10067
DM,2017,3,9295
Elixir,2017,3,6293
Groovy,2017,3,5774
Lua,2017,3,5745
Vue,2017,3,5424
Haskell,2017,3,5233
Nix,2017,3,5010
Clojure,2017,3,4556
R,2017,3,4183
Perl,2017,3,3904
PowerShell,2017,3,3829
Makefile,2017,3,3803
CoffeeScript,2017,3,3677
Dart,2017,3,3126
HCL,2017,3,2798
Erlang,2017,3,2687
OCaml,2017,3,2173
Emacs Lisp,2017,3,2141
Puppet,2017,3,2095
Dockerfile,2017,3,2029
Vim script,2017,3,2013
F#,2017,3,1507
Visual Basic .NET,2017,3,1358
Julia,2017,3,1332
MATLAB,2017,3,1296
TeX,2017,3,1275
Gherkin,2017,3,1138
CMake,2017,3,1115
Elm,2017,3,965
Common Lisp,2017,3,917
Visual Basic,2017,3,841
Fortran,2017,3,819
PLpgSQL,2017,3,801
TSQL,2017,3,762
Vala,2017,3,719
SCSS,2017,3,718
BitBake,2017,3,677
FreeMarker,2017,3,645
Crystal,2017,3,631
PureScript,2017,3,629
Smarty,2017,3,597
Smalltalk,2017,3,560
Starlark,2017,3,536
Matlab,2017,3,536
XSLT,2017,3,520
D,2017,3,451
Apex,2017,3,444
mIRC Script,2017,3,442
Roff,2017,3,425
Uno,2017,3,425
YAML,2017,3,423
Mustache,2017,3,407
SaltStack,2017,3,404
Haxe,2017,3,397
Arduino,2017,3,390
Pascal,2017,3,389
Assembly,2017,3,358
Nim,2017,3,357
Perl 6,2017,3,345
Racket,2017,3,344
QML,2017,3,336
SourcePawn,2017,3,304
Batchfile,2017,3,298
Raku,2017,3,253
Scheme,2017,3,250
SQF,2017,3,243
DIGITAL Command Language,2017,3,239
PLSQL,2017,3,238
WebAssembly,2017,3,229
Standard ML,2017,3,224
Xtend,2017,3,217
PostScript,2017,3,201
Common Workflow Language,2017,3,198
Tcl,2017,3,189
Jinja,2017,3,183
JSON,2017,3,179
GDScript,2017,3,170
Meson,2017,3,167
ABAP,2017,3,164
RobotFramework,2017,3,162
M4,2017,3,161
Mathematica,2017,3,159
1C Enterprise,2017,3,151
Protocol Buffer,2017,3,147
Stylus,2017,3,145
GLSL,2017,3,144
Objective-C++,2017,3,136
AutoHotkey,2017,3,119
PureBasic,2017,3,116
NSIS,2017,3,115
LabVIEW,2017,3,114
Nunjucks,2017,3,114
SWIG,2017,3,112
Processing,2017,3,110
ColdFusion,2017,3,103
F*,2017,3,100
JavaScript,2017,4,334136
Python,2017,4,234553
Java,2017,4,143953
Go,2017,4,99571
PHP,2017,4,98388
Ruby,2017,4,93062
TypeScript,2017,4,90442
C++,2017,4,90097
HTML,2017,4,62609
C#,2017,4,50023
C,2017,4,38852
Shell,2017,4,29172
CSS,2017,4,25131
Swift,2017,4,21601
Scala,2017,4,19270
Jupyter Notebook,2017,4,13497
Kotlin,2017,4,12153
DM,2017,4,11068
Rust,2017,4,10887
Objective-C,2017,4,9382
Groovy,2017,4,6354
Vue,2017,4,5803
Elixir,2017,4,5396
Nix,2017,4,5366
Lua,2017,4,5163
Clojure,2017,4,4708
Haskell,2017,4,4293
Perl,2017,4,3962
PowerShell,2017,4,3607
CoffeeScript,2017,4,3499
Dart,2017,4,3382
Makefile,2017,4,3050
Erlang,2017,4,2909
R,2017,4,2857
OCaml,2017,4,2577
Emacs Lisp,2017,4,2521
Dockerfile,2017,4,2466
Vim script,2017,4,2224
HCL,2017,4,2190
Puppet,2017,4,1560
Visual Basic .NET,2017,4,1512
TSQL,2017,4,1383
TeX,2017,4,1346
MATLAB,2017,4,1219
F#,2017,4,1168
Julia,2017,4,1094
Crystal,2017,4,1020
CMake,2017,4,998
Fortran,2017,4,908
SCSS,2017,4,849
PLpgSQL,2017,4,804
Elm,2017,4,768
Smarty,2017,4,727
Gherkin,2017,4,688
Visual Basic,2017,4,581
Vala,2017,4,563
Roff,2017,4,527
Starlark,2017,4,511
BitBake,2017,4,508
PureScript,2017,4,428
Common Lisp,2017,4,421
XSLT,2017,4,420
Smalltalk,2017,4,416
mIRC Script,2017,4,408
Uno,2017,4,403
YAML,2017,4,400
SQF,2017,4,393
FreeMarker,2017,4,373
Haxe,2017,4,356
D,2017,4,355
Assembly,2017,4,345
Pascal,2017,4,345
Apex,2017,4,339
Nim,2017,4,334
Matlab,2017,4,329
SourcePawn,2017,4,307
Mustache,2017,4,286
QML,2017,4,284
Arduino,2017,4,282
RobotFramework,2017,4,262
Batchfile,2017,4,262
Standard ML,2017,4,237
GLSL,2017,4,235
M4,2017,4,232
SaltStack,2017,4,225
Perl 6,2017,4,221
PLSQL,2017,4,213
Tcl,2017,4,202
WebAssembly,2017,4,201
Scheme,2017,4,198
ColdFusion,2017,4,197
DIGITAL Command Language,2017,4,189
Raku,2017,4,179
Common Workflow Language,2017,4,173
ABAP,2017,4,166
Stylus,2017,4,159
Jinja,2017,4,155
GDScript,2017,4,152
Markdown,2017,4,151
JSON,2017,4,149
PostScript,2017,4,146
Objective-C++,2017,4,144
VHDL,2017,4,144
Jsonnet,2017,4,136
Racket,2017,4,133
Coq,2017,4,124
LLVM,2017,4,120
Eiffel,2017,4,119
COBOL,2017,4,119
SWIG,2017,4,116
UnrealScript,2017,4,114
AutoHotkey,2017,4,113
Mathematica,2017,4,101
JavaScript,2018,1,265358
Python,2018,1,210832
Java,2018,1,117154
Go,2018,1,94520
Ruby,2018,1,84753
TypeScript,2018,1,84658
C++,2018,1,80650
PHP,2018,1,77555
C#,2018,1,41924
HTML,2018,1,37299
C,2018,1,34548
Shell,2018,1,28330
Scala,2018,1,17933
Swift,2018,1,15788
CSS,2018,1,14715
DM,2018,1,10318
Kotlin,2018,1,9521
Rust,2018,1,9340
Jupyter Notebook,2018,1,8600
Nix,2018,1,8387
Objective-C,2018,1,6847
Groovy,2018,1,5486
Vue,2018,1,4889
Dart,2018,1,4322
Elixir,2018,1,3974
Clojure,2018,1,3970
Lua,2018,1,3832
Haskell,2018,1,3819
Perl,2018,1,3186
Makefile,2018,1,3147
PowerShell,2018,1,3038
R,2018,1,2878
Dockerfile,2018,1,2669
Erlang,2018,1,2535
CoffeeScript,2018,1,2528
Emacs Lisp,2018,1,2487
OCaml,2018,1,2263
HCL,2018,1,1834
Vim script,2018,1,1714
F#,2018,1,1608
Puppet,2018,1,1486
TSQL,2018,1,1079
SCSS,2018,1,1020
MATLAB,2018,1,965
Julia,2018,1,924
Crystal,2018,1,910
PLpgSQL,2018,1,881
CMake,2018,1,785
Fortran,2018,1,743
Gherkin,2018,1,713
Elm,2018,1,685
FreeMarker,2018,1,677
BitBake,2018,1,662
Jsonnet,2018,1,661
TeX,2018,1,613
Visual Basic .NET,2018,1,569
mIRC Script,2018,1,563
Starlark,2018,1,558
Vala,2018,1,540
YAML,2018,1,520
XSLT,2018,1,476
Roff,2018,1,416
Assembly,2018,1,400
QML,2018,1,391
Haxe,2018,1,359
Smarty,2018,1,358
Common Lisp,2018,1,352
D,2018,1,345
Smalltalk,2018,1,335
Visual Basic,2018,1,325
Jinja,2018,1,322
Mustache,2018,1,320
Apex,2018,1,311
PureScript,2018,1,291
Uno,2018,1,286
ABAP,2018,1,268
Standard ML,2018,1,257
GLSL,2018,1,243
Coq,2018,1,220
Scheme,2018,1,215
WebAssembly,2018,1,214
RobotFramework,2018,1,196
Rich Text Format,2018,1,188
Objective-C++,2018,1,188
Raku,2018,1,184
PLSQL,2018,1,184
Nim,2018,1,172
Stylus,2018,1,171
SaltStack,2018,1,170
Pascal,2018,1,168
JSON,2018,1,163
SourcePawn,2018,1,163
ColdFusion,2018,1,161
M4,2018,1,150
SQF,2018,1,143
SWIG,2018,1,143
Matlab,2018,1,140
Perl 6,2018,1,138
GDScript,2018,1,134
Common Workflow Language,2018,1,131
Batchfile,2018,1,124
Meson,2018,1,123
Markdown,2018,1,120
Eiffel,2018,1,112
JavaScript,2018,2,202755
Python,2018,2,176307
Java,2018,2,94255
Go,2018,2,79150
C++,2018,2,70421
TypeScript,2018,2,69872
Ruby,2018,2,66414
PHP,2018,2,57773
C#,2018,2,33633
HTML,2018,2,31250
C,2018,2,30412
Shell,2018,2,21643
Scala,2018,2,14229
Swift,2018,2,12970
CSS,2018,2,9598
Kotlin,2018,2,7852
Nix,2018,2,7364
Rust,2018,2,7331
Jupyter Notebook,2018,2,6681
Objective-C,2018,2,6021
DM,2018,2,5288
Groovy,2018,2,4886
Dart,2018,2,4385
Elixir,2018,2,3703
Clojure,2018,2,3576
Vue,2018,2,3545
Lua,2018,2,3318
Haskell,2018,2,3150
PowerShell,2018,2,2735
Perl,2018,2,2709
Erlang,2018,2,2474
Makefile,2018,2,2392
OCaml,2018,2,2062
Dockerfile,2018,2,2013
CoffeeScript,2018,2,1878
Emacs Lisp,2018,2,1759
R,2018,2,1735
Vim script,2018,2,1354
Mathematica,2018,2,1336
TSQL,2018,2,983
Puppet,2018,2,956
Jsonnet,2018,2,948
HCL,2018,2,911
MATLAB,2018,2,905
Visual Basic .NET,2018,2,860
Fortran,2018,2,850
PLpgSQL,2018,2,742
SCSS,2018,2,722
Starlark,2018,2,685
Julia,2018,2,664
Apex,2018,2,638
F#,2018,2,634
PureScript,2018,2,599
FreeMarker,2018,2,598
Crystal,2018,2,595
Vala,2018,2,551
CMake,2018,2,531
Scheme,2018,2,509
TeX,2018,2,497
XSLT,2018,2,488
BitBake,2018,2,453
Gherkin,2018,2,427
mIRC Script,2018,2,420
Elm,2018,2,381
Haxe,2018,2,337
Smalltalk,2018,2,337
Smarty,2018,2,295
Jinja,2018,2,277
YAML,2018,2,270
ABAP,2018,2,251
Common Lisp,2018,2,247
Objective-C++,2018,2,245
Racket,2018,2,229
Mustache,2018,2,224
Roff,2018,2,223
QML,2018,2,207
PLSQL,2018,2,206
Perl 6,2018,2,205
SaltStack,2018,2,194
SourcePawn,2018,2,189
Assembly,2018,2,183
Pascal,2018,2,182
GLSL,2018,2,181
Objective-J,2018,2,180
Raku,2018,2,164
RobotFramework,2018,2,162
PostScript,2018,2,154
Nim,2018,2,152
D,2018,2,149
WebAssembly,2018,2,146
Meson,2018,2,145
Twig,2018,2,140
Nunjucks,2018,2,137
Markdown,2018,2,132
Stylus,2018,2,128
Rich Text Format,2018,2,126
Batchfile,2018,2,125
Coq,2018,2,122
LLVM,2018,2,122
Matlab,2018,2,116
Visual Basic,2018,2,107
M4,2018,2,106
ColdFusion,2018,2,103
SQF,2018,2,103
JavaScript,2018,3,182227
Python,2018,3,178331
Java,2018,3,92773
Go,2018,3,81798
C++,2018,3,69797
TypeScript,2018,3,69227
Ruby,2018,3,61933
PHP,2018,3,54800
C#,2018,3,34080
HTML,2018,3,28591
C,2018,3,27791
Shell,2018,3,21703
Scala,2018,3,14125
Swift,2018,3,12873
CSS,2018,3,9907
Kotlin,2018,3,9035
Nix,2018,3,7418
Rust,2018,3,7066
Jupyter Notebook,2018,3,6507
Objective-C,2018,3,5780
DM,2018,3,4933
Groovy,2018,3,4825
Dart,2018,3,4581
Elixir,2018,3,3832
Clojure,2018,3,3489
Lua,2018,3,3228
Haskell,2018,3,2870
Perl,2018,3,2833
Vue,2018,3,2772
Makefile,2018,3,2547
Erlang,2018,3,2373
CoffeeScript,2018,3,2295
PowerShell,2018,3,2078
OCaml,2018,3,2065
Dockerfile,2018,3,1893
R,2018,3,1702
Emacs Lisp,2018,3,1518
Vim script,2018,3,1510
Puppet,2018,3,1260
Julia,2018,3,1067
SCSS,2018,3,930
Starlark,2018,3,924
TSQL,2018,3,873
PLpgSQL,2018,3,870
Jsonnet,2018,3,812
HCL,2018,3,775
F#,2018,3,720
MATLAB,2018,3,660
Visual Basic .NET,2018,3,624
Fortran,2018,3,621
Apex,2018,3,577
FreeMarker,2018,3,575
ABAP,2018,3,530
XSLT,2018,3,500
RobotFramework,2018,3,491
TeX,2018,3,459
Smalltalk,2018,3,450
Crystal,2018,3,444
BitBake,2018,3,415
mIRC Script,2018,3,414
Smarty,2018,3,409
CMake,2018,3,406
Gherkin,2018,3,396
Common Lisp,2018,3,382
Vala,2018,3,339
Elm,2018,3,337
Perl 6,2018,3,295
Haxe,2018,3,271
PureScript,2018,3,230
PLSQL,2018,3,214
Assembly,2018,3,213
Cuda,2018,3,213
Racket,2018,3,205
Roff,2018,3,199
Twig,2018,3,198
Mustache,2018,3,197
Nunjucks,2018,3,181
Markdown,2018,3,174
Batchfile,2018,3,174
M4,2018,3,169
D,2018,3,157
Nim,2018,3,155
SourcePawn,2018,3,148
SaltStack,2018,3,142
YAML,2018,3,138
Jinja,2018,3,134
Scheme,2018,3,133
Visual Basic,2018,3,130
Raku,2018,3,126
SWIG,2018,3,121
GLSL,2018,3,115
Pascal,2018,3,109
Stylus,2018,3,104
WebAssembly,2018,3,100
JavaScript,2018,4,176351
Python,2018,4,174702
Java,2018,4,91653
Go,2018,4,79705
TypeScript,2018,4,70816
C++,2018,4,65836
Ruby,2018,4,62976
PHP,2018,4,57467
C#,2018,4,34389
HTML,2018,4,30472
C,2018,4,29879
Shell,2018,4,19853
Scala,2018,4,13381
Swift,2018,4,11745
CSS,2018,4,10438
Kotlin,2018,4,8938
Nix,2018,4,8651
Jupyter Notebook,2018,4,6532
Rust,2018,4,6532
Elixir,2018,4,4771
Objective-C,2018,4,4670
Groovy,2018,4,4468
Dart,2018,4,3933
DM,2018,4,3878
Clojure,2018,4,3382
Perl,2018,4,3041
Lua,2018,4,2879
Makefile,2018,4,2464
Vue,2018,4,2243
Haskell,2018,4,2197
PowerShell,2018,4,2015
Emacs Lisp,2018,4,1932
OCaml,2018,4,1893
Erlang,2018,4,1882
Dockerfile,2018,4,1808
CoffeeScript,2018,4,1770
R,2018,4,1406
Vim script,2018,4,1366
Starlark,2018,4,1123
SCSS,2018,4,1101
Puppet,2018,4,1003
Jsonnet,2018,4,949
TSQL,2018,4,842
Julia,2018,4,818
Fortran,2018,4,732
MATLAB,2018,4,623
PLpgSQL,2018,4,599
CMake,2018,4,567
HCL,2018,4,562
F#,2018,4,542
Vala,2018,4,542
mIRC Script,2018,4,517
FreeMarker,2018,4,508
Apex,2018,4,479
Jinja,2018,4,469
Crystal,2018,4,436
Visual Basic .NET,2018,4,433
TeX,2018,4,422
Roff,2018,4,397
BitBake,2018,4,395
Coq,2018,4,388
XSLT,2018,4,380
Gherkin,2018,4,353
Smalltalk,2018,4,345
ABAP,2018,4,309
Nunjucks,2018,4,296
Smarty,2018,4,248
Perl 6,2018,4,238
Batchfile,2018,4,237
YAML,2018,4,228
Haxe,2018,4,227
QML,2018,4,221
Elm,2018,4,211
WebAssembly,2018,4,210
Common Lisp,2018,4,194
Assembly,2018,4,180
Mustache,2018,4,178
Pascal,2018,4,174
Scheme,2018,4,174
PureScript,2018,4,165
DIGITAL Command Language,2018,4,164
Nim,2018,4,156
D,2018,4,154
PLSQL,2018,4,142
Stylus,2018,4,138
M4,2018,4,135
GLSL,2018,4,133
SaltStack,2018,4,132
Visual Basic,2018,4,129
SourcePawn,2018,4,128
Markdown,2018,4,119
SWIG,2018,4,113
Raku,2018,4,102
LLVM,2018,4,100
Python,2019,1,192281
JavaScript,2019,1,186107
Java,2019,1,105219
Go,2019,1,91038
TypeScript,2019,1,80806
C++,2019,1,76323
Ruby,2019,1,66036
PHP,2019,1,58637
C#,2019,1,39355
C,2019,1,35383
HTML,2019,1,30450
Shell,2019,1,21814
Scala,2019,1,15125
Swift,2019,1,11540
Kotlin,2019,1,10202
CSS,2019,1,9828
Nix,2019,1,8675
Jupyter Notebook,2019,1,7482
Rust,2019,1,7227
Dart,2019,1,6020
Objective-C,2019,1,5112
Groovy,2019,1,4520
Elixir,2019,1,4177
DM,2019,1,3702
Clojure,2019,1,3073
Lua,2019,1,3051
Vue,2019,1,3037
Perl,2019,1,2831
Makefile,2019,1,2492
PowerShell,2019,1,2129
OCaml,2019,1,2055
Haskell,2019,1,1838
Starlark,2019,1,1818
Emacs Lisp,2019,1,1767
Dockerfile,2019,1,1752
R,2019,1,1647
Vim script,2019,1,1549
CoffeeScript,2019,1,1417
Erlang,2019,1,1395
Jsonnet,2019,1,1318
Puppet,2019,1,1242
SCSS,2019,1,1195
HCL,2019,1,940
TSQL,2019,1,912
Julia,2019,1,880
MATLAB,2019,1,833
Jinja,2019,1,738
F#,2019,1,679
Fortran,2019,1,672
TeX,2019,1,624
PLpgSQL,2019,1,550
Apex,2019,1,525
CMake,2019,1,520
Coq,2019,1,471
Gherkin,2019,1,465
ABAP,2019,1,455
Smarty,2019,1,448
Visual Basic .NET,2019,1,443
mIRC Script,2019,1,394
BitBake,2019,1,390
Vala,2019,1,364
Lean,2019,1,361
Roff,2019,1,348
Smalltalk,2019,1,305
Crystal,2019,1,298
XSLT,2019,1,283
Batchfile,2019,1,255
Mustache,2019,1,249
YAML,2019,1,237
FreeMarker,2019,1,233
PureScript,2019,1,218
GLSL,2019,1,186
Scheme,2019,1,178
WebAssembly,2019,1,177
PLSQL,2019,1,176
Common Lisp,2019,1,172
Haxe,2019,1,172
QML,2019,1,169
Perl 6,2019,1,167
Elm,2019,1,162
Nunjucks,2019,1,153
SWIG,2019,1,145
Stylus,2019,1,141
Visual Basic,2019,1,135
Pascal,2019,1,135
SaltStack,2019,1,132
SQF,2019,1,120
Nim,2019,1,119
LLVM,2019,1,117
Rich Text Format,2019,1,116
Raku,2019,1,115
Markdown,2019,1,112
M4,2019,1,105
Assembly,2019,1,104
Python,2019,2,194925
JavaScript,2019,2,192195
Java,2019,2,109730
Go,2019,2,92480
TypeScript,2019,2,83985
C++,2019,2,77842
Ruby,2019,2,65185
PHP,2019,2,58828
C#,2019,2,41665
C,2019,2,32583
HTML,2019,2,28919
Shell,2019,2,21721
Scala,2019,2,15849
Swift,2019,2,12428
Kotlin,2019,2,10666
CSS,2019,2,10087
Nix,2019,2,9312
Jupyter Notebook,2019,2,8850
Rust,2019,2,8094
Dart,2019,2,6923
Objective-C,2019,2,5573
Elixir,2019,2,5395
DM,2019,2,4652
Groovy,2019,2,4606
Vue,2019,2,3602
Starlark,2019,2,3589
OCaml,2019,2,2981
Makefile,2019,2,2905
Clojure,2019,2,2799
Perl,2019,2,2614
Lua,2019,2,2517
PowerShell,2019,2,2034
Haskell,2019,2,1937
SCSS,2019,2,1685
Emacs Lisp,2019,2,1592
Dockerfile,2019,2,1513
CoffeeScript,2019,2,1471
Erlang,2019,2,1399
Vim script,2019,2,1339
R,2019,2,1320
Jsonnet,2019,2,1277
Puppet,2019,2,1144
Jinja,2019,2,1091
TSQL,2019,2,931
HCL,2019,2,919
MATLAB,2019,2,750
Smarty,2019,2,687
F#,2019,2,607
Fortran,2019,2,595
Julia,2019,2,579
YAML,2019,2,578
Lean,2019,2,563
PLpgSQL,2019,2,524
TeX,2019,2,490
CMake,2019,2,457
Smalltalk,2019,2,454
Apex,2019,2,413
Visual Basic .NET,2019,2,410
Gherkin,2019,2,395
mIRC Script,2019,2,385
WebAssembly,2019,2,368
BitBake,2019,2,343
Crystal,2019,2,313
Coq,2019,2,300
Elm,2019,2,289
Vala,2019,2,270
FreeMarker,2019,2,269
XSLT,2019,2,249
Common Lisp,2019,2,243
Roff,2019,2,228
ABAP,2019,2,218
SourcePawn,2019,2,209
Raku,2019,2,194
PLSQL,2019,2,192
GLSL,2019,2,192
Stylus,2019,2,189
Scheme,2019,2,187
Assembly,2019,2,179
Mustache,2019,2,175
QML,2019,2,174
Nunjucks,2019,2,174
Haxe,2019,2,173
PureScript,2019,2,165
SaltStack,2019,2,163
Perl 6,2019,2,160
Visual Basic,2019,2,147
ColdFusion,2019,2,146
SQF,2019,2,138
SystemVerilog,2019,2,137
Rich Text Format,2019,2,136
D,2019,2,136
LLVM,2019,2,135
Pascal,2019,2,124
OpenEdge ABL,2019,2,123
Objective-C++,2019,2,121
Batchfile,2019,2,115
M4,2019,2,110
Nim,2019,2,105
UnrealScript,2019,2,105
F*,2019,2,103
JavaScript,2019,3,200008
Python,2019,3,183282
Java,2019,3,106327
Go,2019,3,94910
TypeScript,2019,3,83534
C++,2019,3,75354
Ruby,2019,3,62378
PHP,2019,3,55042
C#,2019,3,37212
C,2019,3,31865
HTML,2019,3,25928
Shell,2019,3,19999
Scala,2019,3,19017
Nix,2019,3,10506
Rust,2019,3,10127
Kotlin,2019,3,10100
Swift,2019,3,9717
CSS,2019,3,8554
Jupyter Notebook,2019,3,8441
Dart,2019,3,7893
Objective-C,2019,3,5558
Elixir,2019,3,4984
Starlark,2019,3,4781
Groovy,2019,3,4455
DM,2019,3,4277
Vue,2019,3,3441
Perl,2019,3,2820
Clojure,2019,3,2670
Makefile,2019,3,2659
Lua,2019,3,2591
OCaml,2019,3,1992
Haskell,2019,3,1905
CoffeeScript,2019,3,1715
SCSS,2019,3,1712
PowerShell,2019,3,1690
Emacs Lisp,2019,3,1605
Dockerfile,2019,3,1556
Vim script,2019,3,1331
R,2019,3,1289
Erlang,2019,3,1215
HCL,2019,3,903
Puppet,2019,3,888
Jsonnet,2019,3,830
Julia,2019,3,709
Smarty,2019,3,671
Lean,2019,3,633
SystemVerilog,2019,3,605
Jinja,2019,3,581
Fortran,2019,3,538
YAML,2019,3,516
Apex,2019,3,512
MATLAB,2019,3,499
TSQL,2019,3,487
Visual Basic .NET,2019,3,473
F#,2019,3,427
Smalltalk,2019,3,374
PLpgSQL,2019,3,367
Stylus,2019,3,366
TeX,2019,3,361
mIRC Script,2019,3,353
Nunjucks,2019,3,348
BitBake,2019,3,344
Gherkin,2019,3,340
Roff,2019,3,331
FreeMarker,2019,3,318
Vala,2019,3,298
Coq,2019,3,298
CMake,2019,3,281
Crystal,2019,3,278
WebAssembly,2019,3,273
XSLT,2019,3,265
Elm,2019,3,263
ABAP,2019,3,260
Scheme,2019,3,240
SaltStack,2019,3,240
ColdFusion,2019,3,193
Objective-C++,2019,3,186
Haxe,2019,3,186
Mustache,2019,3,178
Raku,2019,3,168
Common Lisp,2019,3,168
PureScript,2019,3,166
QML,2019,3,152
SourcePawn,2019,3,150
GLSL,2019,3,146
PLSQL,2019,3,139
Assembly,2019,3,135
Pascal,2019,3,132
Rich Text Format,2019,3,128
Perl 6,2019,3,124
D,2019,3,119
Batchfile,2019,3,118
Genshi,2019,3,117
Nim,2019,3,116
Blade,2019,3,107
SQF,2019,3,105
JavaScript,2019,4,209556
Python,2019,4,200425
Java,2019,4,114364
Go,2019,4,94630
TypeScript,2019,4,90379
Ruby,2019,4,77021
C++,2019,4,75606
PHP,2019,4,61066
C#,2019,4,41040
HTML,2019,4,32050
C,2019,4,31651
Shell,2019,4,20998
Scala,2019,4,19466
CSS,2019,4,11537
Nix,2019,4,11194
Kotlin,2019,4,10266
Swift,2019,4,10056
Rust,2019,4,10031
Jupyter Notebook,2019,4,8815
Dart,2019,4,8035
Starlark,2019,4,7042
Objective-C,2019,4,5343
DM,2019,4,4744
Groovy,2019,4,4329
Elixir,2019,4,4153
Vue,2019,4,3636
Perl,2019,4,3058
Makefile,2019,4,2727
Clojure,2019,4,2389
Lua,2019,4,2288
Emacs Lisp,2019,4,2153
OCaml,2019,4,2122
PowerShell,2019,4,1854
Haskell,2019,4,1811
Dockerfile,2019,4,1743
SCSS,2019,4,1634
Vim script,2019,4,1581
CoffeeScript,2019,4,1550
SystemVerilog,2019,4,1359
Erlang,2019,4,1348
HCL,2019,4,1281
R,2019,4,1230
Puppet,2019,4,907
Jsonnet,2019,4,817
YAML,2019,4,786
Smarty,2019,4,769
F#,2019,4,691
TSQL,2019,4,688
Julia,2019,4,670
Lean,2019,4,639
MATLAB,2019,4,613
PLpgSQL,2019,4,542
Fortran,2019,4,527
ABAP,2019,4,505
Stylus,2019,4,490
Jinja,2019,4,482
BitBake,2019,4,473
Gherkin,2019,4,472
JSON,2019,4,460
Apex,2019,4,428
CMake,2019,4,416
mIRC Script,2019,4,406
TeX,2019,4,391
FreeMarker,2019,4,342
Roff,2019,4,341
Vala,2019,4,329
Smalltalk,2019,4,310
WebAssembly,2019,4,310
Assembly,2019,4,304
Crystal,2019,4,287
Visual Basic .NET,2019,4,278
Elm,2019,4,275
Common Lisp,2019,4,257
Coq,2019,4,241
Haxe,2019,4,227
Pascal,2019,4,221
Verilog,2019,4,213
Nunjucks,2019,4,213
QML,2019,4,205
XSLT,2019,4,201
SWIG,2019,4,197
Raku,2019,4,194
Mustache,2019,4,175
Objective-C++,2019,4,171
SaltStack,2019,4,166
GLSL,2019,4,124
D,2019,4,122
PLSQL,2019,4,120
Nim,2019,4,117
Genshi,2019,4,116
Markdown,2019,4,110
Batchfile,2019,4,108
Python,2020,1,198666
JavaScript,2020,1,194914
Java,2020,1,130135
Go,2020,1,104381
TypeScript,2020,1,97107
C++,2020,1,81831
Ruby,2020,1,77022
PHP,2020,1,59297
C#,2020,1,42113
C,2020,1,33533
HTML,2020,1,29170
Shell,2020,1,21398
Scala,2020,1,20963
Nix,2020,1,12677
CSS,2020,1,11298
Kotlin,2020,1,11267
Rust,2020,1,11008
Swift,2020,1,10109
Jupyter Notebook,2020,1,9633
Dart,2020,1,7238
Starlark,2020,1,6709
DM,2020,1,5458
Groovy,2020,1,5000
Objective-C,2020,1,4982
Elixir,2020,1,4302
Perl,2020,1,2963
Vue,2020,1,2579
Makefile,2020,1,2570
Lua,2020,1,2424
Clojure,2020,1,2258
Emacs Lisp,2020,1,2117
Haskell,2020,1,1989
OCaml,2020,1,1934
PowerShell,2020,1,1909
SCSS,2020,1,1893
Vim script,2020,1,1855
Dockerfile,2020,1,1792
CoffeeScript,2020,1,1707
SystemVerilog,2020,1,1586
HCL,2020,1,1320
Erlang,2020,1,1293
Julia,2020,1,1200
R,2020,1,1066
Puppet,2020,1,1025
YAML,2020,1,940
Lean,2020,1,827
Jinja,2020,1,775
Jsonnet,2020,1,764
Smarty,2020,1,742
Fortran,2020,1,642
MATLAB,2020,1,568
F#,2020,1,521
TSQL,2020,1,510
BitBake,2020,1,502
PLpgSQL,2020,1,495
CMake,2020,1,422
Visual Basic .NET,2020,1,414
Elm,2020,1,401
TeX,2020,1,389
Gherkin,2020,1,347
mIRC Script,2020,1,321
Vala,2020,1,320
Stylus,2020,1,306
JSON,2020,1,299
WebAssembly,2020,1,281
ABAP,2020,1,263
XSLT,2020,1,234
Coq,2020,1,234
FreeMarker,2020,1,232
Verilog,2020,1,227
Roff,2020,1,224
Crystal,2020,1,213
Assembly,2020,1,199
QML,2020,1,198
SaltStack,2020,1,196
Nim,2020,1,190
Raku,2020,1,189
Common Lisp,2020,1,188
Smalltalk,2020,1,184
GDScript,2020,1,176
SWIG,2020,1,174
PLSQL,2020,1,166
PureScript,2020,1,165
Haxe,2020,1,125
UnrealScript,2020,1,123
CodeQL,2020,1,120
q,2020,1,114
GLSL,2020,1,111
LLVM,2020,1,108
Markdown,2020,1,102
SourcePawn,2020,1,101
JavaScript,2020,2,217497
Python,2020,2,216155
Java,2020,2,143342
Go,2020,2,111569
TypeScript,2020,2,106263
C++,2020,2,89203
Ruby,2020,2,78918
PHP,2020,2,63502
C#,2020,2,45316
C,2020,2,37046
HTML,2020,2,29581
Shell,2020,2,25082
Scala,2020,2,19581
Nix,2020,2,13743
Rust,2020,2,12337
CSS,2020,2,11523
Kotlin,2020,2,11030
Swift,2020,2,10213
Jupyter Notebook,2020,2,9313
Starlark,2020,2,8068
Dart,2020,2,7255
Objective-C,2020,2,5017
Groovy,2020,2,4903
Elixir,2020,2,4575
DM,2020,2,4179
Vue,2020,2,3402
Perl,2020,2,2996
Makefile,2020,2,2794
Lua,2020,2,2694
Emacs Lisp,2020,2,2606
Clojure,2020,2,2420
Haskell,2020,2,2053
SCSS,2020,2,2028
PowerShell,2020,2,1968
SystemVerilog,2020,2,1897
OCaml,2020,2,1879
Vim script,2020,2,1835
Lean,2020,2,1750
Dockerfile,2020,2,1721
HCL,2020,2,1487
CoffeeScript,2020,2,1379
Erlang,2020,2,1298
R,2020,2,1215
CodeQL,2020,2,1003
Smarty,2020,2,934
Julia,2020,2,842
Jinja,2020,2,839
YAML,2020,2,833
Jsonnet,2020,2,728
Fortran,2020,2,655
PLpgSQL,2020,2,635
F#,2020,2,627
MATLAB,2020,2,617
Puppet,2020,2,616
Smalltalk,2020,2,543
Vala,2020,2,473
BitBake,2020,2,458
CMake,2020,2,432
Verilog,2020,2,427
Common Lisp,2020,2,421
JSON,2020,2,418
Crystal,2020,2,416
Visual Basic .NET,2020,2,407
Elm,2020,2,404
Assembly,2020,2,387
WebAssembly,2020,2,370
ABAP,2020,2,360
TeX,2020,2,335
TSQL,2020,2,324
Stylus,2020,2,320
Gherkin,2020,2,283
PureScript,2020,2,273
Pawn,2020,2,262
mIRC Script,2020,2,256
Haxe,2020,2,247
Coq,2020,2,246
XSLT,2020,2,228
Roff,2020,2,221
PLSQL,2020,2,216
Nim,2020,2,212
SWIG,2020,2,199
QML,2020,2,190
GLSL,2020,2,182
Batchfile,2020,2,173
M4,2020,2,167
Pascal,2020,2,167
SourcePawn,2020,2,158
Nunjucks,2020,2,146
q,2020,2,146
Raku,2020,2,133
Mustache,2020,2,133
SaltStack,2020,2,125
LLVM,2020,2,124
Reason,2020,2,121
Scheme,2020,2,117
D,2020,2,116
POV-Ray SDL,2020,2,100
JavaScript,2020,3,212385
Python,2020,3,198027
Java,2020,3,135037
Go,2020,3,106440
TypeScript,2020,3,102279
C++,2020,3,79773
Ruby,2020,3,69699
PHP,2020,3,57435
C#,2020,3,41563
C,2020,3,30573
HTML,2020,3,26978
Shell,2020,3,21146
Scala,2020,3,16042
Nix,2020,3,12453
Kotlin,2020,3,11121
CSS,2020,3,10631
Rust,2020,3,10027
Jupyter Notebook,2020,3,8691
Swift,2020,3,8682
Dart,2020,3,8384
Starlark,2020,3,8104
Groovy,2020,3,5101
DM,2020,3,4666
Objective-C,2020,3,4639
Elixir,2020,3,3987
Vue,2020,3,3166
Makefile,2020,3,2996
Clojure,2020,3,2553
Perl,2020,3,2473
Lua,2020,3,2376
SCSS,2020,3,2063
Lean,2020,3,2052
SystemVerilog,2020,3,1916
Vim script,2020,3,1876
Haskell,2020,3,1852
Emacs Lisp,2020,3,1832
OCaml,2020,3,1823
PowerShell,2020,3,1722
CoffeeScript,2020,3,1553
Dockerfile,2020,3,1540
HCL,2020,3,1464
Erlang,2020,3,1270
CodeQL,2020,3,1011
R,2020,3,852
Jinja,2020,3,817
Puppet,2020,3,781
Julia,2020,3,739
Jsonnet,2020,3,704
Fortran,2020,3,648
YAML,2020,3,635
Smarty,2020,3,601
ABAP,2020,3,532
Common Lisp,2020,3,523
PLpgSQL,2020,3,497
MATLAB,2020,3,467
F#,2020,3,456
Visual Basic .NET,2020,3,438
Smalltalk,2020,3,408
WebAssembly,2020,3,405
Elm,2020,3,382
TeX,2020,3,372
BitBake,2020,3,368
Roff,2020,3,346
XSLT,2020,3,316
Stylus,2020,3,315
TSQL,2020,3,315
Assembly,2020,3,304
CMake,2020,3,294
Verilog,2020,3,269
Gherkin,2020,3,255
Vala,2020,3,237
mIRC Script,2020,3,213
Haxe,2020,3,199
PureScript,2020,3,185
Coq,2020,3,182
PLSQL,2020,3,166
Markdown,2020,3,154
Nim,2020,3,149
JSON,2020,3,142
Raku,2020,3,136
Crystal,2020,3,134
Pascal,2020,3,130
GLSL,2020,3,120
Batchfile,2020,3,107
POV-Ray SDL,2020,3,101
QML,2020,3,100
Python,2020,4,196957
JavaScript,2020,4,192854
Java,2020,4,141231
Go,2020,4,96644
TypeScript,2020,4,94572
C++,2020,4,78677
Ruby,2020,4,77366
PHP,2020,4,62561
C#,2020,4,39853
C,2020,4,32716
HTML,2020,4,27345
Shell,2020,4,21753
Scala,2020,4,21235
Nix,2020,4,15268
Kotlin,2020,4,11212
Rust,2020,4,9829
Dart,2020,4,8551
CSS,2020,4,8403
Jupyter Notebook,2020,4,7988
Swift,2020,4,7729
Starlark,2020,4,6011
Objective-C,2020,4,4417
Groovy,2020,4,4353
Elixir,2020,4,3855
DM,2020,4,3357
Makefile,2020,4,2943
Perl,2020,4,2638
Lua,2020,4,2611
SCSS,2020,4,2546
Lean,2020,4,2320
Vue,2020,4,2284
OCaml,2020,4,2212
Clojure,2020,4,2168
SystemVerilog,2020,4,2079
PowerShell,2020,4,1848
Vim script,2020,4,1844
Haskell,2020,4,1793
Emacs Lisp,2020,4,1742
CoffeeScript,2020,4,1606
Erlang,2020,4,1561
Dockerfile,2020,4,1400
HCL,2020,4,1380
CodeQL,2020,4,953
Smarty,2020,4,891
R,2020,4,843
Julia,2020,4,823
Roff,2020,4,800
Jinja,2020,4,755
MATLAB,2020,4,742
Jsonnet,2020,4,585
F#,2020,4,564
PLpgSQL,2020,4,555
Puppet,2020,4,532
PureScript,2020,4,515
Fortran,2020,4,497
WebAssembly,2020,4,495
BitBake,2020,4,482
TeX,2020,4,468
YAML,2020,4,463
Visual Basic .NET,2020,4,430
Assembly,2020,4,414
Elm,2020,4,359
TSQL,2020,4,325
Verilog,2020,4,277
XSLT,2020,4,272
Common Lisp,2020,4,251
CMake,2020,4,250
Gherkin,2020,4,245
Vala,2020,4,238
Smalltalk,2020,4,236
Stylus,2020,4,229
mIRC Script,2020,4,218
Crystal,2020,4,207
Raku,2020,4,204
Coq,2020,4,191
Haxe,2020,4,164
Cuda,2020,4,152
D,2020,4,152
Nim,2020,4,146
Pascal,2020,4,145
Nunjucks,2020,4,136
GLSL,2020,4,130
Xtend,2020,4,128
PostScript,2020,4,126
SaltStack,2020,4,123
Visual Basic,2020,4,119
Markdown,2020,4,104
Standard ML,2020,4,103
SourcePawn,2020,4,103
q,2020,4,100
Python,2021,1,193698
JavaScript,2021,1,188179
Java,2021,1,123189
TypeScript,2021,1,92310
Go,2021,1,89986
Ruby,2021,1,82686
C++,2021,1,73674
PHP,2021,1,55708
C#,2021,1,38167
C,2021,1,34126
HTML,2021,1,25867
Shell,2021,1,23617
Scala,2021,1,20387
Nix,2021,1,17286
Kotlin,2021,1,11204
Dart,2021,1,9029
CSS,2021,1,8459
Rust,2021,1,8446
Jupyter Notebook,2021,1,7581
Swift,2021,1,6687
Starlark,2021,1,5198
DM,2021,1,4288
Groovy,2021,1,3921
Objective-C,2021,1,3767
Elixir,2021,1,3384
Makefile,2021,1,2947
SCSS,2021,1,2886
Lean,2021,1,2685
Lua,2021,1,2433
Perl,2021,1,2353
Vue,2021,1,2287
SystemVerilog,2021,1,2267
Emacs Lisp,2021,1,2086
Erlang,2021,1,1801
Clojure,2021,1,1724
CoffeeScript,2021,1,1698
Haskell,2021,1,1621
PowerShell,2021,1,1614
OCaml,2021,1,1594
Dockerfile,2021,1,1560
Vim script,2021,1,1451
HCL,2021,1,1354
CodeQL,2021,1,1143
R,2021,1,901
Jinja,2021,1,794
Julia,2021,1,733
Jsonnet,2021,1,729
Roff,2021,1,689
Visual Basic .NET,2021,1,654
Smarty,2021,1,625
Coq,2021,1,621
PureScript,2021,1,560
Fortran,2021,1,541
PLpgSQL,2021,1,461
MATLAB,2021,1,461
WebAssembly,2021,1,456
F#,2021,1,452
Puppet,2021,1,439
TeX,2021,1,425
BitBake,2021,1,417
Elm,2021,1,414
Verilog,2021,1,390
YAML,2021,1,348
Assembly,2021,1,320
XSLT,2021,1,291
Gherkin,2021,1,284
Common Lisp,2021,1,277
TSQL,2021,1,273
Nim,2021,1,272
Stylus,2021,1,268
Crystal,2021,1,265
JSON,2021,1,264
CMake,2021,1,257
Smalltalk,2021,1,241
Vala,2021,1,234
mIRC Script,2021,1,230
Pascal,2021,1,224
Cuda,2021,1,221
Xtend,2021,1,185
BlitzBasic,2021,1,153
D,2021,1,153
Markdown,2021,1,149
Batchfile,2021,1,143
Objective-C++,2021,1,140
SaltStack,2021,1,133
Standard ML,2021,1,118
PostScript,2021,1,116
Visual Basic,2021,1,115
Haxe,2021,1,115
Raku,2021,1,113
SourcePawn,2021,1,111
M4,2021,1,109
SWIG,2021,1,108
GLSL,2021,1,101
Python,2021,2,186461
JavaScript,2021,2,185583
Java,2021,2,132615
TypeScript,2021,2,100302
Go,2021,2,85207
Ruby,2021,2,76858
C++,2021,2,69948
PHP,2021,2,51626
C#,2021,2,35801
C,2021,2,30580
HTML,2021,2,26180
Scala,2021,2,24851
Shell,2021,2,24380
Nix,2021,2,17318
Kotlin,2021,2,10376
CSS,2021,2,9336
Dart,2021,2,8378
Rust,2021,2,7924
Jupyter Notebook,2021,2,6522
Swift,2021,2,6084
Starlark,2021,2,4753
Groovy,2021,2,3151
Elixir,2021,2,3117
Objective-C,2021,2,3101
DM,2021,2,3054
SCSS,2021,2,2763
Vue,2021,2,2596
SystemVerilog,2021,2,2282
Makefile,2021,2,2257
Lean,2021,2,2192
Lua,2021,2,2106
Perl,2021,2,2076
Emacs Lisp,2021,2,2018
OCaml,2021,2,1972
Clojure,2021,2,1652
Haskell,2021,2,1618
Erlang,2021,2,1575
Dockerfile,2021,2,1503
CoffeeScript,2021,2,1420
HCL,2021,2,1276
R,2021,2,966
PowerShell,2021,2,956
Vim script,2021,2,941
CodeQL,2021,2,885
Julia,2021,2,778
Roff,2021,2,680
Jsonnet,2021,2,674
Jinja,2021,2,673
Verilog,2021,2,651
Smarty,2021,2,563
Puppet,2021,2,537
MATLAB,2021,2,523
Fortran,2021,2,481
YAML,2021,2,464
F#,2021,2,448
Visual Basic .NET,2021,2,443
Coq,2021,2,429
Elm,2021,2,418
PLpgSQL,2021,2,405
BitBake,2021,2,343
Smalltalk,2021,2,337
XSLT,2021,2,299
Gherkin,2021,2,287
WebAssembly,2021,2,283
Assembly,2021,2,282
TeX,2021,2,274
TSQL,2021,2,271
Nim,2021,2,264
Stylus,2021,2,251
mIRC Script,2021,2,238
Vala,2021,2,236
Common Lisp,2021,2,207
GLSL,2021,2,206
Markdown,2021,2,187
Crystal,2021,2,164
M4,2021,2,156
Cuda,2021,2,156
Nunjucks,2021,2,150
Raku,2021,2,149
Pawn,2021,2,135
PureScript,2021,2,121
CMake,2021,2,118
Objective-C++,2021,2,115
QML,2021,2,113
Python,2021,3,165981
JavaScript,2021,3,154656
Java,2021,3,122349
TypeScript,2021,3,95523
Go,2021,3,83631
C++,2021,3,62522
Ruby,2021,3,62260
PHP,2021,3,47088
C#,2021,3,32354
C,2021,3,26528
HTML,2021,3,23541
Shell,2021,3,20291
Nix,2021,3,19438
Scala,2021,3,16275
Kotlin,2021,3,9648
CSS,2021,3,8242
Dart,2021,3,7057
Rust,2021,3,6677
Swift,2021,3,6611
Jupyter Notebook,2021,3,6479
Starlark,2021,3,4376
DM,2021,3,3258
Groovy,2021,3,3150
Elixir,2021,3,2948
Objective-C,2021,3,2907
SCSS,2021,3,2801
Lean,2021,3,2434
Perl,2021,3,2409
Vue,2021,3,2281
Makefile,2021,3,2211
OCaml,2021,3,1961
SystemVerilog,2021,3,1884
Clojure,2021,3,1725
Erlang,2021,3,1569
Dockerfile,2021,3,1563
Lua,2021,3,1439
Haskell,2021,3,1417
Emacs Lisp,2021,3,1355
CoffeeScript,2021,3,1280
HCL,2021,3,1001
Verilog,2021,3,899
Vim script,2021,3,872
CodeQL,2021,3,868
Jsonnet,2021,3,786
R,2021,3,767
PowerShell,2021,3,720
Julia,2021,3,653
Smarty,2021,3,579
Jinja,2021,3,574
Roff,2021,3,537
F#,2021,3,528
Elm,2021,3,454
Fortran,2021,3,453
MATLAB,2021,3,448
PLpgSQL,2021,3,446
BitBake,2021,3,445
Visual Basic .NET,2021,3,410
Vala,2021,3,384
YAML,2021,3,378
WebAssembly,2021,3,369
Puppet,2021,3,359
Coq,2021,3,293
Assembly,2021,3,270
Stylus,2021,3,267
Smalltalk,2021,3,266
TeX,2021,3,257
XSLT,2021,3,252
Gherkin,2021,3,249
mIRC Script,2021,3,211
Nim,2021,3,190
TSQL,2021,3,179
Cuda,2021,3,177
PureScript,2021,3,171
JSON,2021,3,166
Crystal,2021,3,163
CMake,2021,3,157
Common Lisp,2021,3,147
Markdown,2021,3,145
Objective-C++,2021,3,139
Batchfile,2021,3,115
POV-Ray SDL,2021,3,114
QML,2021,3,111
Svelte,2021,3,110
M4,2021,3,107
Python,2021,4,130149
JavaScript,2021,4,102612
Java,2021,4,88684
TypeScript,2021,4,61047
Go,2021,4,59184
C++,2021,4,48447
Ruby,2021,4,44832
PHP,2021,4,38201
C#,2021,4,24426
C,2021,4,22792
Nix,2021,4,17594
HTML,2021,4,17216
Shell,2021,4,15836
Scala,2021,4,14883
Kotlin,2021,4,7437
Starlark,2021,4,5400
Dart,2021,4,5042
Rust,2021,4,4968
Jupyter Notebook,2021,4,4922
Swift,2021,4,4709
CSS,2021,4,3991
Groovy,2021,4,2572
Lean,2021,4,2349
Elixir,2021,4,2262
DM,2021,4,2180
SCSS,2021,4,2082
Objective-C,2021,4,1754
OCaml,2021,4,1745
Makefile,2021,4,1736
SystemVerilog,2021,4,1688
Perl,2021,4,1676
Lua,2021,4,1442
Erlang,2021,4,1354
Haskell,2021,4,1353
Dockerfile,2021,4,1039
Clojure,2021,4,1005
Emacs Lisp,2021,4,997
Vue,2021,4,942
HCL,2021,4,902
PowerShell,2021,4,827
CodeQL,2021,4,790
Jsonnet,2021,4,714
Jinja,2021,4,670
Verilog,2021,4,645
CoffeeScript,2021,4,591
R,2021,4,567
Smarty,2021,4,515
Roff,2021,4,444
Julia,2021,4,428
Vim script,2021,4,401
F#,2021,4,367
MATLAB,2021,4,338
Puppet,2021,4,332
Elm,2021,4,323
BitBake,2021,4,306
PLpgSQL,2021,4,304
Fortran,2021,4,289
Vala,2021,4,280
TeX,2021,4,279
YAML,2021,4,260
Visual Basic .NET,2021,4,246
WebAssembly,2021,4,238
Stylus,2021,4,219
Assembly,2021,4,210
Coq,2021,4,168
Batchfile,2021,4,158
Svelte,2021,4,156
XSLT,2021,4,151
Game Maker Language,2021,4,148
Cuda,2021,4,131
CMake,2021,4,126
JSON,2021,4,125
Nunjucks,2021,4,114
SWIG,2021,4,113
Raku,2021,4,113
Pascal,2021,4,105
Nim,2021,4,102
QML,2021,4,102
Gherkin,2021,4,100
JavaScript,2022,1,1296
Python,2022,1,788
Java,2022,1,608
TypeScript,2022,1,544
Ruby,2022,1,483
PHP,2022,1,445
C++,2022,1,349
Nix,2022,1,279
Go,2022,1,206
C#,2022,1,187
C,2022,1,152
HTML,2022,1,134
Scala,2022,1,110
Shell,2022,1,103